init,method,seed,loss,type
0.2,BP,0,0.6931473016738892,a
0.2,BP,1,0.6931471824645996,a
0.2,BP,2,0.6931474208831787,a
0.2,BP,3,0.6931484937667847,a
0.2,BP,4,0.6931468844413757,a
0.2,BP,5,0.6931477189064026,a
0.2,BP,6,0.6931471228599548,a
0.2,BP,7,0.6931470632553101,a
0.2,BP,8,0.6876985430717468,a
0.2,BP,9,0.6931470632553101,a
0.2,BP,10,0.6931466460227966,a
0.2,BP,11,0.6931387782096863,a
0.2,BP,12,0.6931427717208862,a
0.2,BP,13,0.6930926442146301,a
0.2,BP,14,0.6931482553482056,a
0.2,BP,15,0.693146824836731,a
0.2,BP,16,0.6931476593017578,a
0.2,BP,17,0.32827094197273254,g
0.2,BP,18,0.6931239366531372,a
0.2,BP,19,0.6931481957435608,a
0.2,BP,20,0.6931423544883728,a
0.2,BP,21,0.6931463479995728,a
0.2,BP,22,0.6931442022323608,a
0.2,BP,23,0.6931474804878235,a
0.2,BP,24,0.6931455135345459,a
0.2,BP,25,0.6931424736976624,a
0.2,BP,26,0.6931429505348206,a
0.2,BP,27,0.6931472420692444,a
0.2,BP,28,0.6931462287902832,a
0.2,BP,29,0.6931461095809937,a
0.2,BP,30,0.6931484937667847,a
0.2,BP,31,0.6931470632553101,a
0.2,BP,32,0.6886189579963684,a
0.2,BP,33,0.693148672580719,a
0.2,BP,34,0.6928565502166748,a
0.2,BP,35,0.6931465864181519,a
0.2,BP,36,0.6931468844413757,a
0.2,BP,37,0.6931465864181519,a
0.2,BP,38,0.6931447386741638,a
0.2,BP,39,0.3251820206642151,g
0.2,BP,40,0.693145751953125,a
0.2,BP,41,0.6931477785110474,a
0.2,BP,42,0.6930952668190002,a
0.2,BP,43,0.6931328773498535,a
0.2,BP,44,0.6931395530700684,a
0.2,BP,45,0.6200395822525024,c+d
0.2,BP,46,0.6931019425392151,a
0.2,BP,47,0.6931270360946655,a
0.2,BP,48,0.6931465268135071,a
0.2,BP,49,0.6931085586547852,a
0.2,BP,50,0.693139374256134,a
0.2,BP,51,0.6931381821632385,a
0.2,BP,52,0.693148136138916,a
0.2,BP,53,0.6928298473358154,a
0.2,BP,54,0.6931461095809937,a
0.2,BP,55,0.6931459903717041,a
0.2,BP,56,0.6931471228599548,a
0.2,BP,57,0.6931477189064026,a
0.2,BP,58,0.6931484341621399,a
0.2,BP,59,0.6931435465812683,a
0.2,BP,60,0.6931475400924683,a
0.2,BP,61,0.6931472420692444,a
0.2,BP,62,0.6931458115577698,a
0.2,BP,63,0.6931411027908325,a
0.2,BP,64,0.6931475400924683,a
0.2,BP,65,0.6931476593017578,a
0.2,BP,66,0.6931470632553101,a
0.2,BP,67,0.6931450366973877,a
0.2,BP,68,0.6931482553482056,a
0.2,BP,69,0.6931385397911072,a
0.2,BP,70,0.5985172986984253,c+d
0.2,BP,71,0.6931442618370056,a
0.2,BP,72,0.6931471228599548,a
0.2,BP,73,0.6931458711624146,a
0.2,BP,74,0.6931402683258057,a
0.2,BP,75,0.6931450366973877,a
0.2,BP,76,0.6931472420692444,a
0.2,BP,77,0.6931425333023071,a
0.2,BP,78,0.6931447982788086,a
0.2,BP,79,0.6931458711624146,a
0.2,BP,80,0.6931463479995728,a
0.2,BP,81,0.693146824836731,a
0.2,BP,82,0.6930164694786072,a
0.2,BP,83,0.6931450366973877,a
0.2,BP,84,0.6931383609771729,a
0.2,BP,85,0.6931469440460205,a
0.2,BP,86,0.6931317448616028,a
0.2,BP,87,0.6922355890274048,a
0.2,BP,88,0.6931461095809937,a
0.2,BP,89,0.6931450963020325,a
0.2,BP,90,0.6931471824645996,a
0.2,BP,91,0.6931276321411133,a
0.2,BP,92,0.6931459307670593,a
0.2,BP,93,0.6931469440460205,a
0.2,BP,94,0.6931463479995728,a
0.2,BP,95,0.6931474208831787,a
0.2,BP,96,0.6931455135345459,a
0.2,BP,97,0.6931449174880981,a
0.2,BP,98,0.693145215511322,a
0.2,BP,99,0.693146288394928,a
0.5,BP,0,0.5791878700256348,c+d
0.5,BP,1,0.693146824836731,a
0.5,BP,2,0.6931115388870239,a
0.5,BP,3,0.6931465864181519,a
0.5,BP,4,0.32508450746536255,g
0.5,BP,5,0.44064095616340637,b
0.5,BP,6,0.6926532983779907,a
0.5,BP,7,0.4811308979988098,b
0.5,BP,8,0.32508301734924316,g
0.5,BP,9,0.672960102558136,a
0.5,BP,10,0.3252800703048706,g
0.5,BP,11,0.32508301734924316,g
0.5,BP,12,0.32508301734924316,g
0.5,BP,13,0.32508301734924316,g
0.5,BP,14,0.6918103694915771,a
0.5,BP,15,0.692960798740387,a
0.5,BP,16,0.6175258755683899,c+d
0.5,BP,17,0.3250829875469208,g
0.5,BP,18,0.3251138925552368,g
0.5,BP,19,0.6926692724227905,a
0.5,BP,20,0.3250831663608551,g
0.5,BP,21,0.5197539329528809,b
0.5,BP,22,0.32508304715156555,g
0.5,BP,23,0.6931421756744385,a
0.5,BP,24,0.3250840902328491,g
0.5,BP,25,0.32508307695388794,g
0.5,BP,26,0.32509368658065796,g
0.5,BP,27,0.32518917322158813,g
0.5,BP,28,0.5132215619087219,b
0.5,BP,29,0.32508471608161926,g
0.5,BP,30,0.32508569955825806,g
0.5,BP,31,0.32605254650115967,g
0.5,BP,32,0.5104867219924927,b
0.5,BP,33,0.6930301785469055,a
0.5,BP,34,0.3250829875469208,g
0.5,BP,35,0.615962028503418,c+d
0.5,BP,36,0.32535797357559204,g
0.5,BP,37,0.3283783793449402,g
0.5,BP,38,0.3250834345817566,g
0.5,BP,39,0.32508301734924316,g
0.5,BP,40,0.3250831365585327,g
0.5,BP,41,0.6931464076042175,a
0.5,BP,42,0.5106861591339111,b
0.5,BP,43,0.32508301734924316,g
0.5,BP,44,0.32508301734924316,g
0.5,BP,45,0.3250829875469208,g
0.5,BP,46,0.3250829875469208,g
0.5,BP,47,0.32508301734924316,g
0.5,BP,48,0.3250914514064789,g
0.5,BP,49,0.5044620037078857,b
0.5,BP,50,0.32508301734924316,g
0.5,BP,51,0.32508301734924316,g
0.5,BP,52,0.35293635725975037,b
0.5,BP,53,0.32508301734924316,g
0.5,BP,54,0.5237812995910645,b
0.5,BP,55,0.32508617639541626,g
0.5,BP,56,0.6912141442298889,a
0.5,BP,57,0.6929147839546204,a
0.5,BP,58,0.5605788230895996,c+d
0.5,BP,59,0.32508301734924316,g
0.5,BP,60,0.604371190071106,c+d
0.5,BP,61,0.32508593797683716,g
0.5,BP,62,0.3250848650932312,g
0.5,BP,63,0.32508307695388794,g
0.5,BP,64,0.5481821894645691,b
0.5,BP,65,0.325522780418396,g
0.5,BP,66,0.32509559392929077,g
0.5,BP,67,0.32530272006988525,g
0.5,BP,68,0.6931482553482056,a
0.5,BP,69,0.32508307695388794,g
0.5,BP,70,0.3250829875469208,g
0.5,BP,71,0.3250831365585327,g
0.5,BP,72,0.3261323571205139,g
0.5,BP,73,0.5112195014953613,b
0.5,BP,74,0.3250829875469208,g
0.5,BP,75,0.32508379220962524,g
0.5,BP,76,0.693117618560791,a
0.5,BP,77,0.32508307695388794,g
0.5,BP,78,0.3250831663608551,g
0.5,BP,79,0.5117105841636658,b
0.5,BP,80,0.32508420944213867,g
0.5,BP,81,0.32521894574165344,g
0.5,BP,82,0.32508301734924316,g
0.5,BP,83,0.3250880241394043,g
0.5,BP,84,0.32508301734924316,g
0.5,BP,85,0.6909876465797424,a
0.5,BP,86,0.32508301734924316,g
0.5,BP,87,0.3250829875469208,g
0.5,BP,88,0.32508355379104614,g
0.5,BP,89,0.32508307695388794,g
0.5,BP,90,0.6931279897689819,a
0.5,BP,91,0.3250829875469208,g
0.5,BP,92,0.32508355379104614,g
0.5,BP,93,0.32509845495224,g
0.5,BP,94,0.32732829451560974,g
0.5,BP,95,0.6909856796264648,a
0.5,BP,96,0.3398049771785736,g
0.5,BP,97,0.32508334517478943,g
0.5,BP,98,0.32508623600006104,g
0.5,BP,99,0.32509171962738037,g
1.0,BP,0,0.3250851333141327,g
1.0,BP,1,0.3379298746585846,g
1.0,BP,2,0.3251761794090271,g
1.0,BP,3,0.5133220553398132,b
1.0,BP,4,0.32508301734924316,g
1.0,BP,5,0.3250957131385803,g
1.0,BP,6,0.32508301734924316,g
1.0,BP,7,0.3250850439071655,g
1.0,BP,8,0.3250829875469208,g
1.0,BP,9,0.3250829875469208,g
1.0,BP,10,0.32508301734924316,g
1.0,BP,11,0.3250829875469208,g
1.0,BP,12,0.3250829875469208,g
1.0,BP,13,0.3250829875469208,g
1.0,BP,14,0.3250829875469208,g
1.0,BP,15,0.3250831365585327,g
1.0,BP,16,0.32508301734924316,g
1.0,BP,17,0.32508307695388794,g
1.0,BP,18,0.5767455697059631,c+d
1.0,BP,19,0.32508301734924316,g
1.0,BP,20,0.32508301734924316,g
1.0,BP,21,0.5121793150901794,b
1.0,BP,22,0.32508301734924316,g
1.0,BP,23,0.3250831961631775,g
1.0,BP,24,0.3250829875469208,g
1.0,BP,25,0.3250829875469208,g
1.0,BP,26,0.5109453201293945,b
1.0,BP,27,0.3250829875469208,g
1.0,BP,28,0.5104168057441711,b
1.0,BP,29,0.32508301734924316,g
1.0,BP,30,0.32508301734924316,g
1.0,BP,31,0.32508328557014465,g
1.0,BP,32,0.5102198719978333,b
1.0,BP,33,0.32508301734924316,g
1.0,BP,34,0.5103656649589539,b
1.0,BP,35,0.32508301734924316,g
1.0,BP,36,0.32508301734924316,g
1.0,BP,37,0.32508623600006104,g
1.0,BP,38,0.5104012489318848,b
1.0,BP,39,0.3250829875469208,g
1.0,BP,40,0.32508301734924316,g
1.0,BP,41,0.693070650100708,a
1.0,BP,42,0.5102617144584656,b
1.0,BP,43,0.3250833749771118,g
1.0,BP,44,0.32508301734924316,g
1.0,BP,45,0.3250829875469208,g
1.0,BP,46,0.32508301734924316,g
1.0,BP,47,0.32508301734924316,g
1.0,BP,48,0.3250829875469208,g
1.0,BP,49,0.5102287530899048,b
1.0,BP,50,0.32508301734924316,g
1.0,BP,51,0.3250829875469208,g
1.0,BP,52,0.3250829875469208,g
1.0,BP,53,0.3250861167907715,g
1.0,BP,54,0.5123270750045776,b
1.0,BP,55,0.3250829875469208,g
1.0,BP,56,0.32508301734924316,g
1.0,BP,57,0.32508307695388794,g
1.0,BP,58,0.32508301734924316,g
1.0,BP,59,0.32508301734924316,g
1.0,BP,60,0.3250889778137207,g
1.0,BP,61,0.3250829875469208,g
1.0,BP,62,0.5104684829711914,b
1.0,BP,63,0.32508301734924316,g
1.0,BP,64,0.32508301734924316,g
1.0,BP,65,0.32508301734924316,g
1.0,BP,66,0.3250829875469208,g
1.0,BP,67,0.3250831961631775,g
1.0,BP,68,0.6931471824645996,a
1.0,BP,69,0.3250831961631775,g
1.0,BP,70,0.3250829875469208,g
1.0,BP,71,0.3250829875469208,g
1.0,BP,72,0.3250829875469208,g
1.0,BP,73,0.5103117823600769,b
1.0,BP,74,0.32508301734924316,g
1.0,BP,75,0.5104500651359558,b
1.0,BP,76,0.32508304715156555,g
1.0,BP,77,0.3250829875469208,g
1.0,BP,78,0.32508301734924316,g
1.0,BP,79,0.5103797316551208,b
1.0,BP,80,0.3250829875469208,g
1.0,BP,81,0.3250829875469208,g
1.0,BP,82,0.5103564262390137,b
1.0,BP,83,0.32508301734924316,g
1.0,BP,84,0.3250829875469208,g
1.0,BP,85,0.3250962197780609,g
1.0,BP,86,0.32508301734924316,g
1.0,BP,87,0.3250829875469208,g
1.0,BP,88,0.32508301734924316,g
1.0,BP,89,0.32508301734924316,g
1.0,BP,90,0.3250848054885864,g
1.0,BP,91,0.3250829875469208,g
1.0,BP,92,0.3250829875469208,g
1.0,BP,93,0.32508301734924316,g
1.0,BP,94,0.32508349418640137,g
1.0,BP,95,0.32508304715156555,g
1.0,BP,96,0.3250829875469208,g
1.0,BP,97,0.32508301734924316,g
1.0,BP,98,0.510445237159729,b
1.0,BP,99,0.3250829875469208,g
3.0,BP,0,0.32508307695388794,g
3.0,BP,1,0.3250829875469208,g
3.0,BP,2,0.32508304715156555,g
3.0,BP,3,0.5111528635025024,b
3.0,BP,4,0.32508301734924316,g
3.0,BP,5,0.5104372501373291,b
3.0,BP,6,0.32508301734924316,g
3.0,BP,7,0.5101926922798157,b
3.0,BP,8,0.3250829875469208,g
3.0,BP,9,0.32508301734924316,g
3.0,BP,10,0.32508301734924316,g
3.0,BP,11,0.3250829875469208,g
3.0,BP,12,0.3250829875469208,g
3.0,BP,13,0.5101454257965088,b
3.0,BP,14,0.32508301734924316,g
3.0,BP,15,0.5113413333892822,b
3.0,BP,16,0.5101556181907654,b
3.0,BP,17,0.5761982798576355,c+d
3.0,BP,18,0.576323390007019,c+d
3.0,BP,19,0.5749125480651855,c+d
3.0,BP,20,0.3250829875469208,g
3.0,BP,21,0.5112705230712891,b
3.0,BP,22,0.32508301734924316,g
3.0,BP,23,0.3250829875469208,g
3.0,BP,24,0.3250829875469208,g
3.0,BP,25,0.3250829875469208,g
3.0,BP,26,0.5111637115478516,b
3.0,BP,27,0.3250829577445984,g
3.0,BP,28,0.5101484060287476,b
3.0,BP,29,0.32508301734924316,g
3.0,BP,30,0.32508301734924316,g
3.0,BP,31,0.5753693580627441,c+d
3.0,BP,32,0.5101078748703003,b
3.0,BP,33,0.325093537569046,g
3.0,BP,34,0.5101914405822754,b
3.0,BP,35,0.5112192630767822,b
3.0,BP,36,0.5102134346961975,b
3.0,BP,37,0.32508304715156555,g
3.0,BP,38,0.5744785666465759,c+d
3.0,BP,39,0.3250829875469208,g
3.0,BP,40,0.5101639032363892,b
3.0,BP,41,0.32508301734924316,g
3.0,BP,42,0.5101101398468018,b
3.0,BP,43,0.32508543133735657,g
3.0,BP,44,0.32508301734924316,g
3.0,BP,45,0.3250829875469208,g
3.0,BP,46,0.32508301734924316,g
3.0,BP,47,0.32508301734924316,g
3.0,BP,48,0.32508301734924316,g
3.0,BP,49,0.5100739002227783,b
3.0,BP,50,0.32508301734924316,g
3.0,BP,51,0.5101267099380493,b
3.0,BP,52,0.5105530619621277,b
3.0,BP,53,0.5749987363815308,c+d
3.0,BP,54,0.511223316192627,b
3.0,BP,55,0.5092610120773315,b
3.0,BP,56,0.3250829875469208,g
3.0,BP,57,0.32508301734924316,g
3.0,BP,58,0.3250829875469208,g
3.0,BP,59,0.3250829875469208,g
3.0,BP,60,0.32508307695388794,g
3.0,BP,61,0.32513076066970825,g
3.0,BP,62,0.5101780295372009,b
3.0,BP,63,0.5745415091514587,c+d
3.0,BP,64,0.510391891002655,b
3.0,BP,65,0.5105487108230591,b
3.0,BP,66,0.32508301734924316,g
3.0,BP,67,0.32508301734924316,g
3.0,BP,68,0.5785868167877197,c+d
3.0,BP,69,0.5111993551254272,b
3.0,BP,70,0.576399564743042,c+d
3.0,BP,71,0.32508301734924316,g
3.0,BP,72,0.32508301734924316,g
3.0,BP,73,0.5101327300071716,b
3.0,BP,74,0.5101305842399597,b
3.0,BP,75,0.5101948380470276,b
3.0,BP,76,0.32508301734924316,g
3.0,BP,77,0.3250829875469208,g
3.0,BP,78,0.5756131410598755,c+d
3.0,BP,79,0.510140061378479,b
3.0,BP,80,0.32508301734924316,g
3.0,BP,81,0.3250829875469208,g
3.0,BP,82,0.5101891756057739,b
3.0,BP,83,0.5112665891647339,b
3.0,BP,84,0.32508301734924316,g
3.0,BP,85,0.5102237462997437,b
3.0,BP,86,0.5111253261566162,b
3.0,BP,87,0.3250829875469208,g
3.0,BP,88,0.5733999609947205,c+d
3.0,BP,89,0.32508301734924316,g
3.0,BP,90,0.5115499496459961,b
3.0,BP,91,0.32508301734924316,g
3.0,BP,92,0.32508325576782227,g
3.0,BP,93,0.5703374743461609,c+d
3.0,BP,94,0.5101686716079712,b
3.0,BP,95,0.32508301734924316,g
3.0,BP,96,0.32508301734924316,g
3.0,BP,97,0.3250829875469208,g
3.0,BP,98,0.5105834007263184,b
3.0,BP,99,0.511194109916687,b
0.2,CBP,0,0.32508689165115356,g
0.2,CBP,1,0.3250865936279297,g
0.2,CBP,2,0.3290175795555115,g
0.2,CBP,3,0.3250865936279297,g
0.2,CBP,4,0.32508665323257446,g
0.2,CBP,5,0.32937076687812805,g
0.2,CBP,6,0.3250868618488312,g
0.2,CBP,7,0.3295198678970337,g
0.2,CBP,8,0.32508665323257446,g
0.2,CBP,9,0.32951483130455017,g
0.2,CBP,10,0.6931477785110474,a
0.2,CBP,11,0.3300130367279053,g
0.2,CBP,12,0.3296964168548584,g
0.2,CBP,13,0.3250868022441864,g
0.2,CBP,14,0.32508665323257446,g
0.2,CBP,15,0.33046314120292664,g
0.2,CBP,16,0.3250868022441864,g
0.2,CBP,17,0.3250867426395416,g
0.2,CBP,18,0.3250866234302521,g
0.2,CBP,19,0.3250865638256073,g
0.2,CBP,20,0.3250868320465088,g
0.2,CBP,21,0.3250867426395416,g
0.2,CBP,22,0.3250868320465088,g
0.2,CBP,23,0.32891812920570374,g
0.2,CBP,24,0.3250865340232849,g
0.2,CBP,25,0.3250866234302521,g
0.2,CBP,26,0.32508665323257446,g
0.2,CBP,27,0.32983747124671936,g
0.2,CBP,28,0.325086772441864,g
0.2,CBP,29,0.3250865340232849,g
0.2,CBP,30,0.3250866234302521,g
0.2,CBP,31,0.3289209008216858,g
0.2,CBP,32,0.3303034007549286,g
0.2,CBP,33,0.32508689165115356,g
0.2,CBP,34,0.3292889893054962,g
0.2,CBP,35,0.32508668303489685,g
0.2,CBP,36,0.33026188611984253,g
0.2,CBP,37,0.3250865936279297,g
0.2,CBP,38,0.3289826512336731,g
0.2,CBP,39,0.3301254212856293,g
0.2,CBP,40,0.32508647441864014,g
0.2,CBP,41,0.3297600746154785,g
0.2,CBP,42,0.32905101776123047,g
0.2,CBP,43,0.3250867426395416,g
0.2,CBP,44,0.32508671283721924,g
0.2,CBP,45,0.3250868618488312,g
0.2,CBP,46,0.325086772441864,g
0.2,CBP,47,0.32969725131988525,g
0.2,CBP,48,0.329616516828537,g
0.2,CBP,49,0.3250866234302521,g
0.2,CBP,50,0.32889488339424133,g
0.2,CBP,51,0.3291740119457245,g
0.2,CBP,52,0.3250865936279297,g
0.2,CBP,53,0.3250865340232849,g
0.2,CBP,54,0.32508671283721924,g
0.2,CBP,55,0.3289951682090759,g
0.2,CBP,56,0.33022916316986084,g
0.2,CBP,57,0.32508665323257446,g
0.2,CBP,58,0.32979270815849304,g
0.2,CBP,59,0.3250865638256073,g
0.2,CBP,60,0.325086772441864,g
0.2,CBP,61,0.3250868022441864,g
0.2,CBP,62,0.3292010724544525,g
0.2,CBP,63,0.3250865638256073,g
0.2,CBP,64,0.3250867426395416,g
0.2,CBP,65,0.3250865936279297,g
0.2,CBP,66,0.3250865638256073,g
0.2,CBP,67,0.3250865340232849,g
0.2,CBP,68,0.32508671283721924,g
0.2,CBP,69,0.3250865936279297,g
0.2,CBP,70,0.3250865638256073,g
0.2,CBP,71,0.3250866234302521,g
0.2,CBP,72,0.3250865340232849,g
0.2,CBP,73,0.32893404364585876,g
0.2,CBP,74,0.32508671283721924,g
0.2,CBP,75,0.3293951749801636,g
0.2,CBP,76,0.3301127552986145,g
0.2,CBP,77,0.3250865936279297,g
0.2,CBP,78,0.325086772441864,g
0.2,CBP,79,0.32508665323257446,g
0.2,CBP,80,0.3250865936279297,g
0.2,CBP,81,0.3250865638256073,g
0.2,CBP,82,0.3303331732749939,g
0.2,CBP,83,0.3250865638256073,g
0.2,CBP,84,0.32508647441864014,g
0.2,CBP,85,0.3250865936279297,g
0.2,CBP,86,0.3292109966278076,g
0.2,CBP,87,0.3250866234302521,g
0.2,CBP,88,0.3250865936279297,g
0.2,CBP,89,0.32508668303489685,g
0.2,CBP,90,0.3250865936279297,g
0.2,CBP,91,0.3303241729736328,g
0.2,CBP,92,0.3250868022441864,g
0.2,CBP,93,0.3301810622215271,g
0.2,CBP,94,0.32941293716430664,g
0.2,CBP,95,0.3250865936279297,g
0.2,CBP,96,0.32935813069343567,g
0.2,CBP,97,0.32508668303489685,g
0.2,CBP,98,0.32508668303489685,g
0.2,CBP,99,0.3289092183113098,g
0.5,CBP,0,0.3304358124732971,g
0.5,CBP,1,0.3289884328842163,g
0.5,CBP,2,0.329899400472641,g
0.5,CBP,3,0.3299339711666107,g
0.5,CBP,4,0.3250865638256073,g
0.5,CBP,5,0.32906386256217957,g
0.5,CBP,6,0.3292473256587982,g
0.5,CBP,7,0.3287493586540222,g
0.5,CBP,8,0.3250866234302521,g
0.5,CBP,9,0.32508665323257446,g
0.5,CBP,10,0.32508671283721924,g
0.5,CBP,11,0.3250865936279297,g
0.5,CBP,12,0.3250865638256073,g
0.5,CBP,13,0.32508665323257446,g
0.5,CBP,14,0.32870548963546753,g
0.5,CBP,15,0.3291458487510681,g
0.5,CBP,16,0.32508671283721924,g
0.5,CBP,17,0.3312937021255493,g
0.5,CBP,18,0.3250865936279297,g
0.5,CBP,19,0.329865038394928,g
0.5,CBP,20,0.3250868320465088,g
0.5,CBP,21,0.3300638794898987,g
0.5,CBP,22,0.33028239011764526,g
0.5,CBP,23,0.32508665323257446,g
0.5,CBP,24,0.32508671283721924,g
0.5,CBP,25,0.325086772441864,g
0.5,CBP,26,0.3250867426395416,g
0.5,CBP,27,0.3250865042209625,g
0.5,CBP,28,0.3293290138244629,g
0.5,CBP,29,0.3300744295120239,g
0.5,CBP,30,0.3299550414085388,g
0.5,CBP,31,0.33076995611190796,g
0.5,CBP,32,0.32966968417167664,g
0.5,CBP,33,0.3287038207054138,g
0.5,CBP,34,0.330262154340744,g
0.5,CBP,35,0.32920151948928833,g
0.5,CBP,36,0.3290853798389435,g
0.5,CBP,37,0.3290318250656128,g
0.5,CBP,38,0.3288450837135315,g
0.5,CBP,39,0.3302989602088928,g
0.5,CBP,40,0.32944613695144653,g
0.5,CBP,41,0.32508668303489685,g
0.5,CBP,42,0.33045023679733276,g
0.5,CBP,43,0.32508671283721924,g
0.5,CBP,44,0.32508665323257446,g
0.5,CBP,45,0.33037811517715454,g
0.5,CBP,46,0.3299081325531006,g
0.5,CBP,47,0.3250866234302521,g
0.5,CBP,48,0.32508665323257446,g
0.5,CBP,49,0.3300493359565735,g
0.5,CBP,50,0.3298695683479309,g
0.5,CBP,51,0.32508671283721924,g
0.5,CBP,52,0.33131492137908936,g
0.5,CBP,53,0.3250865340232849,g
0.5,CBP,54,0.32958248257637024,g
0.5,CBP,55,0.3250865638256073,g
0.5,CBP,56,0.3250865340232849,g
0.5,CBP,57,0.3250868320465088,g
0.5,CBP,58,0.3292221426963806,g
0.5,CBP,59,0.32508671283721924,g
0.5,CBP,60,0.3303443491458893,g
0.5,CBP,61,0.3250866234302521,g
0.5,CBP,62,0.32508689165115356,g
0.5,CBP,63,0.3308451175689697,g
0.5,CBP,64,0.32894718647003174,g
0.5,CBP,65,0.3307661712169647,g
0.5,CBP,66,0.32508671283721924,g
0.5,CBP,67,0.33111533522605896,g
0.5,CBP,68,0.3250867426395416,g
0.5,CBP,69,0.33062416315078735,g
0.5,CBP,70,0.33109015226364136,g
0.5,CBP,71,0.32976260781288147,g
0.5,CBP,72,0.3299027681350708,g
0.5,CBP,73,0.3289623260498047,g
0.5,CBP,74,0.329009473323822,g
0.5,CBP,75,0.3299083709716797,g
0.5,CBP,76,0.32508665323257446,g
0.5,CBP,77,0.3307380676269531,g
0.5,CBP,78,0.3292732834815979,g
0.5,CBP,79,0.32956668734550476,g
0.5,CBP,80,0.32508689165115356,g
0.5,CBP,81,0.3296549916267395,g
0.5,CBP,82,0.32508715987205505,g
0.5,CBP,83,0.3295922875404358,g
0.5,CBP,84,0.3297388255596161,g
0.5,CBP,85,0.3301997780799866,g
0.5,CBP,86,0.32944488525390625,g
0.5,CBP,87,0.3250865936279297,g
0.5,CBP,88,0.33146125078201294,g
0.5,CBP,89,0.3250865936279297,g
0.5,CBP,90,0.328978031873703,g
0.5,CBP,91,0.33064478635787964,g
0.5,CBP,92,0.3288651704788208,g
0.5,CBP,93,0.32508665323257446,g
0.5,CBP,94,0.3291758894920349,g
0.5,CBP,95,0.3295835256576538,g
0.5,CBP,96,0.33061742782592773,g
0.5,CBP,97,0.33120763301849365,g
0.5,CBP,98,0.3304816782474518,g
0.5,CBP,99,0.3298688530921936,g
1.0,CBP,0,0.3300415277481079,g
1.0,CBP,1,0.32508689165115356,g
1.0,CBP,2,0.325086772441864,g
1.0,CBP,3,0.32993215322494507,g
1.0,CBP,4,0.3250867426395416,g
1.0,CBP,5,0.32878684997558594,g
1.0,CBP,6,0.32508668303489685,g
1.0,CBP,7,0.33111894130706787,g
1.0,CBP,8,0.3295702338218689,g
1.0,CBP,9,0.32508689165115356,g
1.0,CBP,10,0.33094000816345215,g
1.0,CBP,11,0.3290787935256958,g
1.0,CBP,12,0.3300015330314636,g
1.0,CBP,13,0.33075448870658875,g
1.0,CBP,14,0.32957321405410767,g
1.0,CBP,15,0.3298521637916565,g
1.0,CBP,16,0.33062848448753357,g
1.0,CBP,17,0.32508665323257446,g
1.0,CBP,18,0.3308856189250946,g
1.0,CBP,19,0.32951250672340393,g
1.0,CBP,20,0.33131763339042664,g
1.0,CBP,21,0.3302081525325775,g
1.0,CBP,22,0.32998940348625183,g
1.0,CBP,23,0.32508671283721924,g
1.0,CBP,24,0.3250865042209625,g
1.0,CBP,25,0.3294832706451416,g
1.0,CBP,26,0.3295793831348419,g
1.0,CBP,27,0.3314662277698517,g
1.0,CBP,28,0.33155471086502075,g
1.0,CBP,29,0.33019477128982544,g
1.0,CBP,30,0.3306083381175995,g
1.0,CBP,31,0.33126693964004517,g
1.0,CBP,32,0.3309229612350464,g
1.0,CBP,33,0.3301500678062439,g
1.0,CBP,34,0.3288560211658478,g
1.0,CBP,35,0.3301553428173065,g
1.0,CBP,36,0.3250868022441864,g
1.0,CBP,37,0.32974469661712646,g
1.0,CBP,38,0.3304296135902405,g
1.0,CBP,39,0.33011946082115173,g
1.0,CBP,40,0.3305344581604004,g
1.0,CBP,41,0.33108311891555786,g
1.0,CBP,42,0.3250865340232849,g
1.0,CBP,43,0.3300633430480957,g
1.0,CBP,44,0.3294887840747833,g
1.0,CBP,45,0.33174365758895874,g
1.0,CBP,46,0.3302822709083557,g
1.0,CBP,47,0.3295631408691406,g
1.0,CBP,48,0.3301945924758911,g
1.0,CBP,49,0.32925015687942505,g
1.0,CBP,50,0.3250868022441864,g
1.0,CBP,51,0.3315162658691406,g
1.0,CBP,52,0.32508668303489685,g
1.0,CBP,53,0.325086772441864,g
1.0,CBP,54,0.3307300806045532,g
1.0,CBP,55,0.3300650715827942,g
1.0,CBP,56,0.32918354868888855,g
1.0,CBP,57,0.33037030696868896,g
1.0,CBP,58,0.33003106713294983,g
1.0,CBP,59,0.3306404650211334,g
1.0,CBP,60,0.3292003273963928,g
1.0,CBP,61,0.33116698265075684,g
1.0,CBP,62,0.3302781581878662,g
1.0,CBP,63,0.3308519721031189,g
1.0,CBP,64,0.33097293972969055,g
1.0,CBP,65,0.3296456038951874,g
1.0,CBP,66,0.32508713006973267,g
1.0,CBP,67,0.3296380639076233,g
1.0,CBP,68,0.33108794689178467,g
1.0,CBP,69,0.32508668303489685,g
1.0,CBP,70,0.3312065303325653,g
1.0,CBP,71,0.3250865936279297,g
1.0,CBP,72,0.33076632022857666,g
1.0,CBP,73,0.3295409679412842,g
1.0,CBP,74,0.3250865042209625,g
1.0,CBP,75,0.3300977945327759,g
1.0,CBP,76,0.3294007182121277,g
1.0,CBP,77,0.3298898935317993,g
1.0,CBP,78,0.33079981803894043,g
1.0,CBP,79,0.3313881754875183,g
1.0,CBP,80,0.33101972937583923,g
1.0,CBP,81,0.32888782024383545,g
1.0,CBP,82,0.3293169140815735,g
1.0,CBP,83,0.3250865042209625,g
1.0,CBP,84,0.33105188608169556,g
1.0,CBP,85,0.32879799604415894,g
1.0,CBP,86,0.3250865340232849,g
1.0,CBP,87,0.3250867426395416,g
1.0,CBP,88,0.32508647441864014,g
1.0,CBP,89,0.3291988968849182,g
1.0,CBP,90,0.33049121499061584,g
1.0,CBP,91,0.3311403691768646,g
1.0,CBP,92,0.32508671283721924,g
1.0,CBP,93,0.3288968801498413,g
1.0,CBP,94,0.3302316665649414,g
1.0,CBP,95,0.3301319479942322,g
1.0,CBP,96,0.32508641481399536,g
1.0,CBP,97,0.32966336607933044,g
1.0,CBP,98,0.32508695125579834,g
1.0,CBP,99,0.3293513357639313,g
3.0,CBP,0,0.3250870704650879,g
3.0,CBP,1,0.33026444911956787,g
3.0,CBP,2,0.325086385011673,g
3.0,CBP,3,0.33012285828590393,g
3.0,CBP,4,0.3289877772331238,g
3.0,CBP,5,0.329354852437973,g
3.0,CBP,6,0.3315596580505371,g
3.0,CBP,7,0.32975247502326965,g
3.0,CBP,8,0.32869747281074524,g
3.0,CBP,9,0.3288562297821045,g
3.0,CBP,10,0.32508671283721924,g
3.0,CBP,11,0.3250916004180908,g
3.0,CBP,12,0.32509201765060425,g
3.0,CBP,13,0.3299826681613922,g
3.0,CBP,14,0.3307616710662842,g
3.0,CBP,15,0.3250866234302521,g
3.0,CBP,16,0.32980236411094666,g
3.0,CBP,17,0.3306851089000702,g
3.0,CBP,18,0.3297985792160034,g
3.0,CBP,19,0.3296763300895691,g
3.0,CBP,20,0.3279946446418762,g
3.0,CBP,21,0.3250863552093506,g
3.0,CBP,22,0.33039113879203796,g
3.0,CBP,23,0.32974550127983093,g
3.0,CBP,24,0.3250863552093506,g
3.0,CBP,25,0.3316682279109955,g
3.0,CBP,26,0.32580408453941345,g
3.0,CBP,27,0.33044037222862244,g
3.0,CBP,28,0.33120596408843994,g
3.0,CBP,29,0.3303616940975189,g
3.0,CBP,30,0.3312225639820099,g
3.0,CBP,31,0.33038148283958435,g
3.0,CBP,32,0.32509204745292664,g
3.0,CBP,33,0.32877495884895325,g
3.0,CBP,34,0.32508671283721924,g
3.0,CBP,35,0.33061835169792175,g
3.0,CBP,36,0.3250882029533386,g
3.0,CBP,37,0.32508665323257446,g
3.0,CBP,38,0.32975396513938904,g
3.0,CBP,39,0.33138760924339294,g
3.0,CBP,40,0.325092077255249,g
3.0,CBP,41,0.3287644386291504,g
3.0,CBP,42,0.3304852843284607,g
3.0,CBP,43,0.33141493797302246,g
3.0,CBP,44,0.3300090432167053,g
3.0,CBP,45,0.32508665323257446,g
3.0,CBP,46,0.3250918984413147,g
3.0,CBP,47,0.3299650549888611,g
3.0,CBP,48,0.3310803771018982,g
3.0,CBP,49,0.3250865340232849,g
3.0,CBP,50,0.3310212194919586,g
3.0,CBP,51,0.33043819665908813,g
3.0,CBP,52,0.3306226134300232,g
3.0,CBP,53,0.33054786920547485,g
3.0,CBP,54,0.3305216133594513,g
3.0,CBP,55,0.32508668303489685,g
3.0,CBP,56,0.33067452907562256,g
3.0,CBP,57,0.331699013710022,g
3.0,CBP,58,0.3288043737411499,g
3.0,CBP,59,0.32946646213531494,g
3.0,CBP,60,0.3286665976047516,g
3.0,CBP,61,0.3308500349521637,g
3.0,CBP,62,0.33041107654571533,g
3.0,CBP,63,0.3306286931037903,g
3.0,CBP,64,0.3296065926551819,g
3.0,CBP,65,0.330962598323822,g
3.0,CBP,66,0.3293047547340393,g
3.0,CBP,67,0.32881712913513184,g
3.0,CBP,68,0.325087308883667,g
3.0,CBP,69,0.32509154081344604,g
3.0,CBP,70,0.3299880623817444,g
3.0,CBP,71,0.33125039935112,g
3.0,CBP,72,0.3294040560722351,g
3.0,CBP,73,0.3313140869140625,g
3.0,CBP,74,0.33087074756622314,g
3.0,CBP,75,0.33094561100006104,g
3.0,CBP,76,0.33016878366470337,g
3.0,CBP,77,0.3317144513130188,g
3.0,CBP,78,0.33111295104026794,g
3.0,CBP,79,0.33124294877052307,g
3.0,CBP,80,0.3303568363189697,g
3.0,CBP,81,0.32889604568481445,g
3.0,CBP,82,0.3305080235004425,g
3.0,CBP,83,0.3300510048866272,g
3.0,CBP,84,0.33117690682411194,g
3.0,CBP,85,0.3310580551624298,g
3.0,CBP,86,0.3301762044429779,g
3.0,CBP,87,0.33170437812805176,g
3.0,CBP,88,0.3319535255432129,g
3.0,CBP,89,0.32995545864105225,g
3.0,CBP,90,0.33199232816696167,g
3.0,CBP,91,0.3310394883155823,g
3.0,CBP,92,0.33164888620376587,g
3.0,CBP,93,0.32904672622680664,g
3.0,CBP,94,0.33038803935050964,g
3.0,CBP,95,0.3301151692867279,g
3.0,CBP,96,0.33003711700439453,g
3.0,CBP,97,0.33111125230789185,g
3.0,CBP,98,0.3305209279060364,g
3.0,CBP,99,0.3301961123943329,g
0.2,SBP,0,0.32742995023727417,g
0.2,SBP,1,0.3263349235057831,g
0.2,SBP,2,0.3282690644264221,g
0.2,SBP,3,0.32708820700645447,g
0.2,SBP,4,0.33299219608306885,g
0.2,SBP,5,0.33581626415252686,g
0.2,SBP,6,0.5763680934906006,c+d
0.2,SBP,7,0.5127567052841187,b
0.2,SBP,8,0.3291693329811096,g
0.2,SBP,9,0.32630258798599243,g
0.2,SBP,10,0.5102230310440063,b
0.2,SBP,11,0.3266761302947998,g
0.2,SBP,12,0.3269050717353821,g
0.2,SBP,13,0.5110694169998169,b
0.2,SBP,14,0.3262310028076172,g
0.2,SBP,15,0.32951828837394714,g
0.2,SBP,16,0.3257964253425598,g
0.2,SBP,17,0.5099571943283081,b
0.2,SBP,18,0.32554489374160767,g
0.2,SBP,19,0.3379954993724823,g
0.2,SBP,20,0.3286234736442566,g
0.2,SBP,21,0.32677221298217773,g
0.2,SBP,22,0.325313538312912,g
0.2,SBP,23,0.3305608034133911,g
0.2,SBP,24,0.32537946105003357,g
0.2,SBP,25,0.3280569911003113,g
0.2,SBP,26,0.32532593607902527,g
0.2,SBP,27,0.3258427381515503,g
0.2,SBP,28,0.3279430568218231,g
0.2,SBP,29,0.32669180631637573,g
0.2,SBP,30,0.3268263339996338,g
0.2,SBP,31,0.32960426807403564,g
0.2,SBP,32,0.3256147503852844,g
0.2,SBP,33,0.5097537040710449,b
0.2,SBP,34,0.3257483243942261,g
0.2,SBP,35,0.5752940773963928,c+d
0.2,SBP,36,0.32788488268852234,g
0.2,SBP,37,0.3268374800682068,g
0.2,SBP,38,0.33235040307044983,g
0.2,SBP,39,0.33132562041282654,g
0.2,SBP,40,0.3299086093902588,g
0.2,SBP,41,0.574863851070404,c+d
0.2,SBP,42,0.5129820108413696,b
0.2,SBP,43,0.3288829028606415,g
0.2,SBP,44,0.3270537257194519,g
0.2,SBP,45,0.3274872899055481,g
0.2,SBP,46,0.5096881985664368,b
0.2,SBP,47,0.33998918533325195,g
0.2,SBP,48,0.5123679637908936,b
0.2,SBP,49,0.3319311738014221,g
0.2,SBP,50,0.3268562853336334,g
0.2,SBP,51,0.33249303698539734,g
0.2,SBP,52,0.3264874219894409,g
0.2,SBP,53,0.5784181356430054,c+d
0.2,SBP,54,0.3275630474090576,g
0.2,SBP,55,0.5104037523269653,b
0.2,SBP,56,0.5111759305000305,b
0.2,SBP,57,0.3268968164920807,g
0.2,SBP,58,0.3259142339229584,g
0.2,SBP,59,0.5110167860984802,b
0.2,SBP,60,0.32906702160835266,g
0.2,SBP,61,0.32808399200439453,g
0.2,SBP,62,0.32606610655784607,g
0.2,SBP,63,0.3272705078125,g
0.2,SBP,64,0.3265276253223419,g
0.2,SBP,65,0.5743857622146606,c+d
0.2,SBP,66,0.32960522174835205,g
0.2,SBP,67,0.3282468318939209,g
0.2,SBP,68,0.33276206254959106,g
0.2,SBP,69,0.5754959583282471,c+d
0.2,SBP,70,0.3294011354446411,g
0.2,SBP,71,0.3305511176586151,g
0.2,SBP,72,0.5785089731216431,c+d
0.2,SBP,73,0.5096597671508789,b
0.2,SBP,74,0.32727694511413574,g
0.2,SBP,75,0.32535791397094727,g
0.2,SBP,76,0.3281673192977905,g
0.2,SBP,77,0.33114224672317505,g
0.2,SBP,78,0.3262700140476227,g
0.2,SBP,79,0.3276907503604889,g
0.2,SBP,80,0.32548898458480835,g
0.2,SBP,81,0.5091893076896667,b
0.2,SBP,82,0.5093588829040527,b
0.2,SBP,83,0.3374447822570801,g
0.2,SBP,84,0.33099740743637085,g
0.2,SBP,85,0.575462818145752,c+d
0.2,SBP,86,0.3285595774650574,g
0.2,SBP,87,0.32882973551750183,g
0.2,SBP,88,0.5108805894851685,b
0.2,SBP,89,0.5101278424263,b
0.2,SBP,90,0.32904282212257385,g
0.2,SBP,91,0.3285924196243286,g
0.2,SBP,92,0.3311513662338257,g
0.2,SBP,93,0.5757622122764587,c+d
0.2,SBP,94,0.5116020441055298,b
0.2,SBP,95,0.32519689202308655,g
0.2,SBP,96,0.5113743543624878,b
0.2,SBP,97,0.3273347318172455,g
0.2,SBP,98,0.5106509923934937,b
0.2,SBP,99,0.5754006505012512,c+d
0.5,SBP,0,0.3295236825942993,g
0.5,SBP,1,0.5126677751541138,b
0.5,SBP,2,0.3297714293003082,g
0.5,SBP,3,0.3263622522354126,g
0.5,SBP,4,0.3251323699951172,g
0.5,SBP,5,0.33162936568260193,g
0.5,SBP,6,0.3257893919944763,g
0.5,SBP,7,0.32706746459007263,g
0.5,SBP,8,0.3327602446079254,g
0.5,SBP,9,0.32688361406326294,g
0.5,SBP,10,0.5095418691635132,b
0.5,SBP,11,0.3271954655647278,g
0.5,SBP,12,0.3255588412284851,g
0.5,SBP,13,0.3465394377708435,g
0.5,SBP,14,0.3265760540962219,g
0.5,SBP,15,0.5150015354156494,b
0.5,SBP,16,0.5743428468704224,c+d
0.5,SBP,17,0.3275764584541321,g
0.5,SBP,18,0.325534850358963,g
0.5,SBP,19,0.33136841654777527,g
0.5,SBP,20,0.3279651999473572,g
0.5,SBP,21,0.3274447023868561,g
0.5,SBP,22,0.32817405462265015,g
0.5,SBP,23,0.3266890048980713,g
0.5,SBP,24,0.3271663784980774,g
0.5,SBP,25,0.3270816206932068,g
0.5,SBP,26,0.3283758759498596,g
0.5,SBP,27,0.3271830677986145,g
0.5,SBP,28,0.33531519770622253,g
0.5,SBP,29,0.32555830478668213,g
0.5,SBP,30,0.3279251456260681,g
0.5,SBP,31,0.32546377182006836,g
0.5,SBP,32,0.32725125551223755,g
0.5,SBP,33,0.5750343799591064,c+d
0.5,SBP,34,0.325777143239975,g
0.5,SBP,35,0.5215054750442505,b
0.5,SBP,36,0.5129958391189575,b
0.5,SBP,37,0.32635459303855896,g
0.5,SBP,38,0.33258652687072754,g
0.5,SBP,39,0.32869333028793335,g
0.5,SBP,40,0.3254935145378113,g
0.5,SBP,41,0.3273777961730957,g
0.5,SBP,42,0.3278307616710663,g
0.5,SBP,43,0.5106586217880249,b
0.5,SBP,44,0.3275899291038513,g
0.5,SBP,45,0.3253200054168701,g
0.5,SBP,46,0.5109424591064453,b
0.5,SBP,47,0.32806238532066345,g
0.5,SBP,48,0.5094665288925171,b
0.5,SBP,49,0.32705187797546387,g
0.5,SBP,50,0.3280085325241089,g
0.5,SBP,51,0.5111263394355774,b
0.5,SBP,52,0.3286040425300598,g
0.5,SBP,53,0.32658255100250244,g
0.5,SBP,54,0.32984334230422974,g
0.5,SBP,55,0.325415700674057,g
0.5,SBP,56,0.5105955004692078,b
0.5,SBP,57,0.34317201375961304,g
0.5,SBP,58,0.3256775736808777,g
0.5,SBP,59,0.32667630910873413,g
0.5,SBP,60,0.3308870196342468,g
0.5,SBP,61,0.32970499992370605,g
0.5,SBP,62,0.5159224271774292,b
0.5,SBP,63,0.511750340461731,b
0.5,SBP,64,0.3254370391368866,g
0.5,SBP,65,0.5749082565307617,c+d
0.5,SBP,66,0.5153079032897949,b
0.5,SBP,67,0.512291669845581,b
0.5,SBP,68,0.3266872763633728,g
0.5,SBP,69,0.32539573311805725,g
0.5,SBP,70,0.3307180404663086,g
0.5,SBP,71,0.32830142974853516,g
0.5,SBP,72,0.33004170656204224,g
0.5,SBP,73,0.5100191831588745,b
0.5,SBP,74,0.3267466425895691,g
0.5,SBP,75,0.5092765688896179,b
0.5,SBP,76,0.5095722079277039,b
0.5,SBP,77,0.3263487219810486,g
0.5,SBP,78,0.32702189683914185,g
0.5,SBP,79,0.5114538669586182,b
0.5,SBP,80,0.5100061893463135,b
0.5,SBP,81,0.5100223422050476,b
0.5,SBP,82,0.3262020945549011,g
0.5,SBP,83,0.33225446939468384,g
0.5,SBP,84,0.32563573122024536,g
0.5,SBP,85,0.5134784579277039,b
0.5,SBP,86,0.325972318649292,g
0.5,SBP,87,0.3291396498680115,g
0.5,SBP,88,0.5106804370880127,b
0.5,SBP,89,0.32775700092315674,g
0.5,SBP,90,0.3257054090499878,g
0.5,SBP,91,0.32596927881240845,g
0.5,SBP,92,0.3251495659351349,g
0.5,SBP,93,0.5784944891929626,c+d
0.5,SBP,94,0.3260542154312134,g
0.5,SBP,95,0.3272470235824585,g
0.5,SBP,96,0.3321080505847931,g
0.5,SBP,97,0.3255299925804138,g
0.5,SBP,98,0.5744293332099915,c+d
0.5,SBP,99,0.583120584487915,c+d
1.0,SBP,0,0.3288623094558716,g
1.0,SBP,1,0.3251783549785614,g
1.0,SBP,2,0.32536694407463074,g
1.0,SBP,3,0.32710540294647217,g
1.0,SBP,4,0.33004096150398254,g
1.0,SBP,5,0.32814207673072815,g
1.0,SBP,6,0.32572078704833984,g
1.0,SBP,7,0.5095278024673462,b
1.0,SBP,8,0.33106598258018494,g
1.0,SBP,9,0.3285335302352905,g
1.0,SBP,10,0.3255366384983063,g
1.0,SBP,11,0.32636964321136475,g
1.0,SBP,12,0.3268330991268158,g
1.0,SBP,13,0.3269267678260803,g
1.0,SBP,14,0.3255513906478882,g
1.0,SBP,15,0.5768223404884338,c+d
1.0,SBP,16,0.32747358083724976,g
1.0,SBP,17,0.32668882608413696,g
1.0,SBP,18,0.3268973231315613,g
1.0,SBP,19,0.32688358426094055,g
1.0,SBP,20,0.5765988826751709,c+d
1.0,SBP,21,0.32571640610694885,g
1.0,SBP,22,0.32783687114715576,g
1.0,SBP,23,0.3272774815559387,g
1.0,SBP,24,0.32793065905570984,g
1.0,SBP,25,0.5145307779312134,b
1.0,SBP,26,0.32541778683662415,g
1.0,SBP,27,0.5755022764205933,c+d
1.0,SBP,28,0.3273322284221649,g
1.0,SBP,29,0.3257080018520355,g
1.0,SBP,30,0.512057363986969,b
1.0,SBP,31,0.32726407051086426,g
1.0,SBP,32,0.3258737623691559,g
1.0,SBP,33,0.5099805593490601,b
1.0,SBP,34,0.32667380571365356,g
1.0,SBP,35,0.5100069046020508,b
1.0,SBP,36,0.5157385468482971,b
1.0,SBP,37,0.3305436670780182,g
1.0,SBP,38,0.5746239423751831,c+d
1.0,SBP,39,0.3256496787071228,g
1.0,SBP,40,0.3256239891052246,g
1.0,SBP,41,0.3264439105987549,g
1.0,SBP,42,0.3263280689716339,g
1.0,SBP,43,0.3252309560775757,g
1.0,SBP,44,0.577948808670044,c+d
1.0,SBP,45,0.32621335983276367,g
1.0,SBP,46,0.5115389823913574,b
1.0,SBP,47,0.5102604627609253,b
1.0,SBP,48,0.5110201835632324,b
1.0,SBP,49,0.512669563293457,b
1.0,SBP,50,0.3267208933830261,g
1.0,SBP,51,0.3255308270454407,g
1.0,SBP,52,0.3292486071586609,g
1.0,SBP,53,0.32846710085868835,g
1.0,SBP,54,0.5118486881256104,b
1.0,SBP,55,0.5101045966148376,b
1.0,SBP,56,0.5096896886825562,b
1.0,SBP,57,0.32549622654914856,g
1.0,SBP,58,0.5133247375488281,b
1.0,SBP,59,0.3253791034221649,g
1.0,SBP,60,0.32732221484184265,g
1.0,SBP,61,0.32590100169181824,g
1.0,SBP,62,0.3253554701805115,g
1.0,SBP,63,0.5098806023597717,b
1.0,SBP,64,0.325661301612854,g
1.0,SBP,65,0.3254649043083191,g
1.0,SBP,66,0.32996007800102234,g
1.0,SBP,67,0.3269995152950287,g
1.0,SBP,68,0.514947772026062,b
1.0,SBP,69,0.32571303844451904,g
1.0,SBP,70,0.33191919326782227,g
1.0,SBP,71,0.32666075229644775,g
1.0,SBP,72,0.3257458806037903,g
1.0,SBP,73,0.5093944072723389,b
1.0,SBP,74,0.5123465657234192,b
1.0,SBP,75,0.33398252725601196,g
1.0,SBP,76,0.3253083825111389,g
1.0,SBP,77,0.32626354694366455,g
1.0,SBP,78,0.5102736949920654,b
1.0,SBP,79,0.5751344561576843,c+d
1.0,SBP,80,0.32748785614967346,g
1.0,SBP,81,0.5110258460044861,b
1.0,SBP,82,0.3271621763706207,g
1.0,SBP,83,0.3308645486831665,g
1.0,SBP,84,0.35468319058418274,b
1.0,SBP,85,0.33012473583221436,g
1.0,SBP,86,0.32797008752822876,g
1.0,SBP,87,0.5094863772392273,b
1.0,SBP,88,0.5122420787811279,b
1.0,SBP,89,0.5126657485961914,b
1.0,SBP,90,0.3258671164512634,g
1.0,SBP,91,0.32932329177856445,g
1.0,SBP,92,0.32815518975257874,g
1.0,SBP,93,0.5746931433677673,c+d
1.0,SBP,94,0.3285134434700012,g
1.0,SBP,95,0.3272871971130371,g
1.0,SBP,96,0.5787964463233948,c+d
1.0,SBP,97,0.3336739242076874,g
1.0,SBP,98,0.5096145272254944,b
1.0,SBP,99,0.3251485824584961,g
3.0,SBP,0,0.3275531530380249,g
3.0,SBP,1,0.3264094591140747,g
3.0,SBP,2,0.3259733021259308,g
3.0,SBP,3,0.3258022964000702,g
3.0,SBP,4,0.32812947034835815,g
3.0,SBP,5,0.3268985450267792,g
3.0,SBP,6,0.5756784677505493,c+d
3.0,SBP,7,0.5118041038513184,b
3.0,SBP,8,0.32894161343574524,g
3.0,SBP,9,0.32933640480041504,g
3.0,SBP,10,0.5095497369766235,b
3.0,SBP,11,0.32890239357948303,g
3.0,SBP,12,0.3274685740470886,g
3.0,SBP,13,0.5129050016403198,b
3.0,SBP,14,0.32595598697662354,g
3.0,SBP,15,0.5206376910209656,b
3.0,SBP,16,0.32678431272506714,g
3.0,SBP,17,0.5118967294692993,b
3.0,SBP,18,0.5742217302322388,c+d
3.0,SBP,19,0.32705458998680115,g
3.0,SBP,20,0.3407323956489563,g
3.0,SBP,21,0.3282843828201294,g
3.0,SBP,22,0.32728275656700134,g
3.0,SBP,23,0.5104159116744995,b
3.0,SBP,24,0.5092880129814148,b
3.0,SBP,25,0.3262937068939209,g
3.0,SBP,26,0.33077719807624817,g
3.0,SBP,27,0.3255890905857086,g
3.0,SBP,28,0.3307769298553467,g
3.0,SBP,29,0.5749450922012329,c+d
3.0,SBP,30,0.32839056849479675,g
3.0,SBP,31,0.33563438057899475,g
3.0,SBP,32,0.32789623737335205,g
3.0,SBP,33,0.5151146650314331,b
3.0,SBP,34,0.5101017951965332,b
3.0,SBP,35,0.3260394036769867,g
3.0,SBP,36,0.3311169147491455,g
3.0,SBP,37,0.32838869094848633,g
3.0,SBP,38,0.3293015658855438,g
3.0,SBP,39,0.3293066918849945,g
3.0,SBP,40,0.32631903886795044,g
3.0,SBP,41,0.32739710807800293,g
3.0,SBP,42,0.510416567325592,b
3.0,SBP,43,0.3280312120914459,g
3.0,SBP,44,0.33220791816711426,g
3.0,SBP,45,0.32676956057548523,g
3.0,SBP,46,0.5125783681869507,b
3.0,SBP,47,0.3256133794784546,g
3.0,SBP,48,0.5098671913146973,b
3.0,SBP,49,0.3289361596107483,g
3.0,SBP,50,0.3279764652252197,g
3.0,SBP,51,0.3291410207748413,g
3.0,SBP,52,0.3270885944366455,g
3.0,SBP,53,0.33211469650268555,g
3.0,SBP,54,0.3317120671272278,g
3.0,SBP,55,0.3257303833961487,g
3.0,SBP,56,0.33036911487579346,g
3.0,SBP,57,0.3271903693675995,g
3.0,SBP,58,0.32955247163772583,g
3.0,SBP,59,0.32565873861312866,g
3.0,SBP,60,0.33455875515937805,g
3.0,SBP,61,0.32602816820144653,g
3.0,SBP,62,0.5125284790992737,b
3.0,SBP,63,0.3252822160720825,g
3.0,SBP,64,0.32752108573913574,g
3.0,SBP,65,0.3255963921546936,g
3.0,SBP,66,0.5124565362930298,b
3.0,SBP,67,0.33184635639190674,g
3.0,SBP,68,0.3261512517929077,g
3.0,SBP,69,0.5104237794876099,b
3.0,SBP,70,0.3257887661457062,g
3.0,SBP,71,0.5106639862060547,b
3.0,SBP,72,0.3256959915161133,g
3.0,SBP,73,0.509803295135498,b
3.0,SBP,74,0.3276400864124298,g
3.0,SBP,75,0.32718873023986816,g
3.0,SBP,76,0.326813668012619,g
3.0,SBP,77,0.3259839415550232,g
3.0,SBP,78,0.326334148645401,g
3.0,SBP,79,0.511733889579773,b
3.0,SBP,80,0.5113986730575562,b
3.0,SBP,81,0.5119603872299194,b
3.0,SBP,82,0.3269667625427246,g
3.0,SBP,83,0.3279555141925812,g
3.0,SBP,84,0.33227163553237915,g
3.0,SBP,85,0.5105983018875122,b
3.0,SBP,86,0.32840782403945923,g
3.0,SBP,87,0.33137285709381104,g
3.0,SBP,88,0.5095606446266174,b
3.0,SBP,89,0.5129306316375732,b
3.0,SBP,90,0.32554352283477783,g
3.0,SBP,91,0.3252129554748535,g
3.0,SBP,92,0.3256917893886566,g
3.0,SBP,93,0.5101810097694397,b
3.0,SBP,94,0.5102980136871338,b
3.0,SBP,95,0.5121515989303589,b
3.0,SBP,96,0.5765915513038635,c+d
3.0,SBP,97,0.5769261121749878,c+d
3.0,SBP,98,0.579987645149231,c+d
3.0,SBP,99,0.5112407803535461,b
