init,method,seed,loss,type,optim
0.2,BP,0,0.6931473016738892,a,GD
0.2,BP,1,0.6931471824645996,a,GD
0.2,BP,2,0.6931474208831787,a,GD
0.2,BP,3,0.6931484937667847,a,GD
0.2,BP,4,0.6931468844413757,a,GD
0.2,BP,5,0.6931477189064026,a,GD
0.2,BP,6,0.6931471228599548,a,GD
0.2,BP,7,0.6931470632553101,a,GD
0.2,BP,8,0.6876985430717468,a,GD
0.2,BP,9,0.6931470632553101,a,GD
0.2,BP,10,0.6931466460227966,a,GD
0.2,BP,11,0.6931387782096863,a,GD
0.2,BP,12,0.6931427717208862,a,GD
0.2,BP,13,0.6930926442146301,a,GD
0.2,BP,14,0.6931482553482056,a,GD
0.2,BP,15,0.693146824836731,a,GD
0.2,BP,16,0.6931476593017578,a,GD
0.2,BP,17,0.3282709419727325,g,GD
0.2,BP,18,0.6931239366531372,a,GD
0.2,BP,19,0.6931481957435608,a,GD
0.2,BP,20,0.6931423544883728,a,GD
0.2,BP,21,0.6931463479995728,a,GD
0.2,BP,22,0.6931442022323608,a,GD
0.2,BP,23,0.6931474804878235,a,GD
0.2,BP,24,0.6931455135345459,a,GD
0.2,BP,25,0.6931424736976624,a,GD
0.2,BP,26,0.6931429505348206,a,GD
0.2,BP,27,0.6931472420692444,a,GD
0.2,BP,28,0.6931462287902832,a,GD
0.2,BP,29,0.6931461095809937,a,GD
0.2,BP,30,0.6931484937667847,a,GD
0.2,BP,31,0.6931470632553101,a,GD
0.2,BP,32,0.6886189579963684,a,GD
0.2,BP,33,0.693148672580719,a,GD
0.2,BP,34,0.6928565502166748,a,GD
0.2,BP,35,0.6931465864181519,a,GD
0.2,BP,36,0.6931468844413757,a,GD
0.2,BP,37,0.6931465864181519,a,GD
0.2,BP,38,0.6931447386741638,a,GD
0.2,BP,39,0.3251820206642151,g,GD
0.2,BP,40,0.693145751953125,a,GD
0.2,BP,41,0.6931477785110474,a,GD
0.2,BP,42,0.6930952668190002,a,GD
0.2,BP,43,0.6931328773498535,a,GD
0.2,BP,44,0.6931395530700684,a,GD
0.2,BP,45,0.6200395822525024,c+d,GD
0.2,BP,46,0.6931019425392151,a,GD
0.2,BP,47,0.6931270360946655,a,GD
0.2,BP,48,0.6931465268135071,a,GD
0.2,BP,49,0.6931085586547852,a,GD
0.2,BP,50,0.693139374256134,a,GD
0.2,BP,51,0.6931381821632385,a,GD
0.2,BP,52,0.693148136138916,a,GD
0.2,BP,53,0.6928298473358154,a,GD
0.2,BP,54,0.6931461095809937,a,GD
0.2,BP,55,0.6931459903717041,a,GD
0.2,BP,56,0.6931471228599548,a,GD
0.2,BP,57,0.6931477189064026,a,GD
0.2,BP,58,0.6931484341621399,a,GD
0.2,BP,59,0.6931435465812683,a,GD
0.2,BP,60,0.6931475400924683,a,GD
0.2,BP,61,0.6931472420692444,a,GD
0.2,BP,62,0.6931458115577698,a,GD
0.2,BP,63,0.6931411027908325,a,GD
0.2,BP,64,0.6931475400924683,a,GD
0.2,BP,65,0.6931476593017578,a,GD
0.2,BP,66,0.6931470632553101,a,GD
0.2,BP,67,0.6931450366973877,a,GD
0.2,BP,68,0.6931482553482056,a,GD
0.2,BP,69,0.6931385397911072,a,GD
0.2,BP,70,0.5985172986984253,c+d,GD
0.2,BP,71,0.6931442618370056,a,GD
0.2,BP,72,0.6931471228599548,a,GD
0.2,BP,73,0.6931458711624146,a,GD
0.2,BP,74,0.6931402683258057,a,GD
0.2,BP,75,0.6931450366973877,a,GD
0.2,BP,76,0.6931472420692444,a,GD
0.2,BP,77,0.6931425333023071,a,GD
0.2,BP,78,0.6931447982788086,a,GD
0.2,BP,79,0.6931458711624146,a,GD
0.2,BP,80,0.6931463479995728,a,GD
0.2,BP,81,0.693146824836731,a,GD
0.2,BP,82,0.6930164694786072,a,GD
0.2,BP,83,0.6931450366973877,a,GD
0.2,BP,84,0.6931383609771729,a,GD
0.2,BP,85,0.6931469440460205,a,GD
0.2,BP,86,0.6931317448616028,a,GD
0.2,BP,87,0.6922355890274048,a,GD
0.2,BP,88,0.6931461095809937,a,GD
0.2,BP,89,0.6931450963020325,a,GD
0.2,BP,90,0.6931471824645996,a,GD
0.2,BP,91,0.6931276321411133,a,GD
0.2,BP,92,0.6931459307670593,a,GD
0.2,BP,93,0.6931469440460205,a,GD
0.2,BP,94,0.6931463479995728,a,GD
0.2,BP,95,0.6931474208831787,a,GD
0.2,BP,96,0.6931455135345459,a,GD
0.2,BP,97,0.6931449174880981,a,GD
0.2,BP,98,0.693145215511322,a,GD
0.2,BP,99,0.693146288394928,a,GD
0.5,BP,0,0.5791878700256348,c+d,GD
0.5,BP,1,0.693146824836731,a,GD
0.5,BP,2,0.6931115388870239,a,GD
0.5,BP,3,0.6931465864181519,a,GD
0.5,BP,4,0.3250845074653625,g,GD
0.5,BP,5,0.4406409561634064,b,GD
0.5,BP,6,0.6926532983779907,a,GD
0.5,BP,7,0.4811308979988098,b,GD
0.5,BP,8,0.3250830173492432,g,GD
0.5,BP,9,0.672960102558136,a,GD
0.5,BP,10,0.3252800703048706,g,GD
0.5,BP,11,0.3250830173492432,g,GD
0.5,BP,12,0.3250830173492432,g,GD
0.5,BP,13,0.3250830173492432,g,GD
0.5,BP,14,0.6918103694915771,a,GD
0.5,BP,15,0.6929607987403871,a,GD
0.5,BP,16,0.6175258755683899,c+d,GD
0.5,BP,17,0.3250829875469208,g,GD
0.5,BP,18,0.3251138925552368,g,GD
0.5,BP,19,0.6926692724227905,a,GD
0.5,BP,20,0.3250831663608551,g,GD
0.5,BP,21,0.5197539329528809,b,GD
0.5,BP,22,0.32508304715156555,g,GD
0.5,BP,23,0.6931421756744385,a,GD
0.5,BP,24,0.3250840902328491,g,GD
0.5,BP,25,0.32508307695388794,g,GD
0.5,BP,26,0.325093686580658,g,GD
0.5,BP,27,0.3251891732215881,g,GD
0.5,BP,28,0.5132215619087219,b,GD
0.5,BP,29,0.3250847160816193,g,GD
0.5,BP,30,0.3250856995582581,g,GD
0.5,BP,31,0.3260525465011597,g,GD
0.5,BP,32,0.5104867219924927,b,GD
0.5,BP,33,0.6930301785469055,a,GD
0.5,BP,34,0.3250829875469208,g,GD
0.5,BP,35,0.615962028503418,c+d,GD
0.5,BP,36,0.32535797357559204,g,GD
0.5,BP,37,0.3283783793449402,g,GD
0.5,BP,38,0.3250834345817566,g,GD
0.5,BP,39,0.3250830173492432,g,GD
0.5,BP,40,0.3250831365585327,g,GD
0.5,BP,41,0.6931464076042175,a,GD
0.5,BP,42,0.5106861591339111,b,GD
0.5,BP,43,0.3250830173492432,g,GD
0.5,BP,44,0.3250830173492432,g,GD
0.5,BP,45,0.3250829875469208,g,GD
0.5,BP,46,0.3250829875469208,g,GD
0.5,BP,47,0.3250830173492432,g,GD
0.5,BP,48,0.3250914514064789,g,GD
0.5,BP,49,0.5044620037078857,b,GD
0.5,BP,50,0.3250830173492432,g,GD
0.5,BP,51,0.3250830173492432,g,GD
0.5,BP,52,0.3529363572597504,b,GD
0.5,BP,53,0.3250830173492432,g,GD
0.5,BP,54,0.5237812995910645,b,GD
0.5,BP,55,0.32508617639541626,g,GD
0.5,BP,56,0.6912141442298889,a,GD
0.5,BP,57,0.6929147839546204,a,GD
0.5,BP,58,0.5605788230895996,c+d,GD
0.5,BP,59,0.3250830173492432,g,GD
0.5,BP,60,0.604371190071106,c+d,GD
0.5,BP,61,0.3250859379768372,g,GD
0.5,BP,62,0.3250848650932312,g,GD
0.5,BP,63,0.32508307695388794,g,GD
0.5,BP,64,0.5481821894645691,b,GD
0.5,BP,65,0.325522780418396,g,GD
0.5,BP,66,0.3250955939292908,g,GD
0.5,BP,67,0.32530272006988525,g,GD
0.5,BP,68,0.6931482553482056,a,GD
0.5,BP,69,0.32508307695388794,g,GD
0.5,BP,70,0.3250829875469208,g,GD
0.5,BP,71,0.3250831365585327,g,GD
0.5,BP,72,0.3261323571205139,g,GD
0.5,BP,73,0.5112195014953613,b,GD
0.5,BP,74,0.3250829875469208,g,GD
0.5,BP,75,0.32508379220962524,g,GD
0.5,BP,76,0.693117618560791,a,GD
0.5,BP,77,0.32508307695388794,g,GD
0.5,BP,78,0.3250831663608551,g,GD
0.5,BP,79,0.5117105841636658,b,GD
0.5,BP,80,0.3250842094421387,g,GD
0.5,BP,81,0.32521894574165344,g,GD
0.5,BP,82,0.3250830173492432,g,GD
0.5,BP,83,0.3250880241394043,g,GD
0.5,BP,84,0.3250830173492432,g,GD
0.5,BP,85,0.6909876465797424,a,GD
0.5,BP,86,0.3250830173492432,g,GD
0.5,BP,87,0.3250829875469208,g,GD
0.5,BP,88,0.3250835537910461,g,GD
0.5,BP,89,0.32508307695388794,g,GD
0.5,BP,90,0.6931279897689819,a,GD
0.5,BP,91,0.3250829875469208,g,GD
0.5,BP,92,0.3250835537910461,g,GD
0.5,BP,93,0.32509845495224,g,GD
0.5,BP,94,0.3273282945156097,g,GD
0.5,BP,95,0.6909856796264648,a,GD
0.5,BP,96,0.3398049771785736,g,GD
0.5,BP,97,0.32508334517478943,g,GD
0.5,BP,98,0.32508623600006104,g,GD
0.5,BP,99,0.3250917196273804,g,GD
1.0,BP,0,0.3250851333141327,g,GD
1.0,BP,1,0.3379298746585846,g,GD
1.0,BP,2,0.3251761794090271,g,GD
1.0,BP,3,0.5133220553398132,b,GD
1.0,BP,4,0.3250830173492432,g,GD
1.0,BP,5,0.3250957131385803,g,GD
1.0,BP,6,0.3250830173492432,g,GD
1.0,BP,7,0.3250850439071655,g,GD
1.0,BP,8,0.3250829875469208,g,GD
1.0,BP,9,0.3250829875469208,g,GD
1.0,BP,10,0.3250830173492432,g,GD
1.0,BP,11,0.3250829875469208,g,GD
1.0,BP,12,0.3250829875469208,g,GD
1.0,BP,13,0.3250829875469208,g,GD
1.0,BP,14,0.3250829875469208,g,GD
1.0,BP,15,0.3250831365585327,g,GD
1.0,BP,16,0.3250830173492432,g,GD
1.0,BP,17,0.32508307695388794,g,GD
1.0,BP,18,0.5767455697059631,c+d,GD
1.0,BP,19,0.3250830173492432,g,GD
1.0,BP,20,0.3250830173492432,g,GD
1.0,BP,21,0.5121793150901794,b,GD
1.0,BP,22,0.3250830173492432,g,GD
1.0,BP,23,0.3250831961631775,g,GD
1.0,BP,24,0.3250829875469208,g,GD
1.0,BP,25,0.3250829875469208,g,GD
1.0,BP,26,0.5109453201293945,b,GD
1.0,BP,27,0.3250829875469208,g,GD
1.0,BP,28,0.5104168057441711,b,GD
1.0,BP,29,0.3250830173492432,g,GD
1.0,BP,30,0.3250830173492432,g,GD
1.0,BP,31,0.32508328557014465,g,GD
1.0,BP,32,0.5102198719978333,b,GD
1.0,BP,33,0.3250830173492432,g,GD
1.0,BP,34,0.5103656649589539,b,GD
1.0,BP,35,0.3250830173492432,g,GD
1.0,BP,36,0.3250830173492432,g,GD
1.0,BP,37,0.32508623600006104,g,GD
1.0,BP,38,0.5104012489318848,b,GD
1.0,BP,39,0.3250829875469208,g,GD
1.0,BP,40,0.3250830173492432,g,GD
1.0,BP,41,0.693070650100708,a,GD
1.0,BP,42,0.5102617144584656,b,GD
1.0,BP,43,0.3250833749771118,g,GD
1.0,BP,44,0.3250830173492432,g,GD
1.0,BP,45,0.3250829875469208,g,GD
1.0,BP,46,0.3250830173492432,g,GD
1.0,BP,47,0.3250830173492432,g,GD
1.0,BP,48,0.3250829875469208,g,GD
1.0,BP,49,0.5102287530899048,b,GD
1.0,BP,50,0.3250830173492432,g,GD
1.0,BP,51,0.3250829875469208,g,GD
1.0,BP,52,0.3250829875469208,g,GD
1.0,BP,53,0.3250861167907715,g,GD
1.0,BP,54,0.5123270750045776,b,GD
1.0,BP,55,0.3250829875469208,g,GD
1.0,BP,56,0.3250830173492432,g,GD
1.0,BP,57,0.32508307695388794,g,GD
1.0,BP,58,0.3250830173492432,g,GD
1.0,BP,59,0.3250830173492432,g,GD
1.0,BP,60,0.3250889778137207,g,GD
1.0,BP,61,0.3250829875469208,g,GD
1.0,BP,62,0.5104684829711914,b,GD
1.0,BP,63,0.3250830173492432,g,GD
1.0,BP,64,0.3250830173492432,g,GD
1.0,BP,65,0.3250830173492432,g,GD
1.0,BP,66,0.3250829875469208,g,GD
1.0,BP,67,0.3250831961631775,g,GD
1.0,BP,68,0.6931471824645996,a,GD
1.0,BP,69,0.3250831961631775,g,GD
1.0,BP,70,0.3250829875469208,g,GD
1.0,BP,71,0.3250829875469208,g,GD
1.0,BP,72,0.3250829875469208,g,GD
1.0,BP,73,0.5103117823600769,b,GD
1.0,BP,74,0.3250830173492432,g,GD
1.0,BP,75,0.5104500651359558,b,GD
1.0,BP,76,0.32508304715156555,g,GD
1.0,BP,77,0.3250829875469208,g,GD
1.0,BP,78,0.3250830173492432,g,GD
1.0,BP,79,0.5103797316551208,b,GD
1.0,BP,80,0.3250829875469208,g,GD
1.0,BP,81,0.3250829875469208,g,GD
1.0,BP,82,0.5103564262390137,b,GD
1.0,BP,83,0.3250830173492432,g,GD
1.0,BP,84,0.3250829875469208,g,GD
1.0,BP,85,0.3250962197780609,g,GD
1.0,BP,86,0.3250830173492432,g,GD
1.0,BP,87,0.3250829875469208,g,GD
1.0,BP,88,0.3250830173492432,g,GD
1.0,BP,89,0.3250830173492432,g,GD
1.0,BP,90,0.3250848054885864,g,GD
1.0,BP,91,0.3250829875469208,g,GD
1.0,BP,92,0.3250829875469208,g,GD
1.0,BP,93,0.3250830173492432,g,GD
1.0,BP,94,0.32508349418640137,g,GD
1.0,BP,95,0.32508304715156555,g,GD
1.0,BP,96,0.3250829875469208,g,GD
1.0,BP,97,0.3250830173492432,g,GD
1.0,BP,98,0.510445237159729,b,GD
1.0,BP,99,0.3250829875469208,g,GD
3.0,BP,0,0.32508307695388794,g,GD
3.0,BP,1,0.3250829875469208,g,GD
3.0,BP,2,0.32508304715156555,g,GD
3.0,BP,3,0.5111528635025024,b,GD
3.0,BP,4,0.3250830173492432,g,GD
3.0,BP,5,0.5104372501373291,b,GD
3.0,BP,6,0.3250830173492432,g,GD
3.0,BP,7,0.5101926922798157,b,GD
3.0,BP,8,0.3250829875469208,g,GD
3.0,BP,9,0.3250830173492432,g,GD
3.0,BP,10,0.3250830173492432,g,GD
3.0,BP,11,0.3250829875469208,g,GD
3.0,BP,12,0.3250829875469208,g,GD
3.0,BP,13,0.5101454257965088,b,GD
3.0,BP,14,0.3250830173492432,g,GD
3.0,BP,15,0.5113413333892822,b,GD
3.0,BP,16,0.5101556181907654,b,GD
3.0,BP,17,0.5761982798576355,c+d,GD
3.0,BP,18,0.576323390007019,c+d,GD
3.0,BP,19,0.5749125480651855,c+d,GD
3.0,BP,20,0.3250829875469208,g,GD
3.0,BP,21,0.5112705230712891,b,GD
3.0,BP,22,0.3250830173492432,g,GD
3.0,BP,23,0.3250829875469208,g,GD
3.0,BP,24,0.3250829875469208,g,GD
3.0,BP,25,0.3250829875469208,g,GD
3.0,BP,26,0.5111637115478516,b,GD
3.0,BP,27,0.3250829577445984,g,GD
3.0,BP,28,0.5101484060287476,b,GD
3.0,BP,29,0.3250830173492432,g,GD
3.0,BP,30,0.3250830173492432,g,GD
3.0,BP,31,0.5753693580627441,c+d,GD
3.0,BP,32,0.5101078748703003,b,GD
3.0,BP,33,0.325093537569046,g,GD
3.0,BP,34,0.5101914405822754,b,GD
3.0,BP,35,0.5112192630767822,b,GD
3.0,BP,36,0.5102134346961975,b,GD
3.0,BP,37,0.32508304715156555,g,GD
3.0,BP,38,0.5744785666465759,c+d,GD
3.0,BP,39,0.3250829875469208,g,GD
3.0,BP,40,0.5101639032363892,b,GD
3.0,BP,41,0.3250830173492432,g,GD
3.0,BP,42,0.5101101398468018,b,GD
3.0,BP,43,0.32508543133735657,g,GD
3.0,BP,44,0.3250830173492432,g,GD
3.0,BP,45,0.3250829875469208,g,GD
3.0,BP,46,0.3250830173492432,g,GD
3.0,BP,47,0.3250830173492432,g,GD
3.0,BP,48,0.3250830173492432,g,GD
3.0,BP,49,0.5100739002227783,b,GD
3.0,BP,50,0.3250830173492432,g,GD
3.0,BP,51,0.5101267099380493,b,GD
3.0,BP,52,0.5105530619621277,b,GD
3.0,BP,53,0.5749987363815308,c+d,GD
3.0,BP,54,0.5112233161926271,b,GD
3.0,BP,55,0.5092610120773315,b,GD
3.0,BP,56,0.3250829875469208,g,GD
3.0,BP,57,0.3250830173492432,g,GD
3.0,BP,58,0.3250829875469208,g,GD
3.0,BP,59,0.3250829875469208,g,GD
3.0,BP,60,0.32508307695388794,g,GD
3.0,BP,61,0.32513076066970825,g,GD
3.0,BP,62,0.5101780295372009,b,GD
3.0,BP,63,0.5745415091514587,c+d,GD
3.0,BP,64,0.510391891002655,b,GD
3.0,BP,65,0.5105487108230591,b,GD
3.0,BP,66,0.3250830173492432,g,GD
3.0,BP,67,0.3250830173492432,g,GD
3.0,BP,68,0.5785868167877197,c+d,GD
3.0,BP,69,0.5111993551254272,b,GD
3.0,BP,70,0.576399564743042,c+d,GD
3.0,BP,71,0.3250830173492432,g,GD
3.0,BP,72,0.3250830173492432,g,GD
3.0,BP,73,0.5101327300071716,b,GD
3.0,BP,74,0.5101305842399597,b,GD
3.0,BP,75,0.5101948380470276,b,GD
3.0,BP,76,0.3250830173492432,g,GD
3.0,BP,77,0.3250829875469208,g,GD
3.0,BP,78,0.5756131410598755,c+d,GD
3.0,BP,79,0.510140061378479,b,GD
3.0,BP,80,0.3250830173492432,g,GD
3.0,BP,81,0.3250829875469208,g,GD
3.0,BP,82,0.5101891756057739,b,GD
3.0,BP,83,0.5112665891647339,b,GD
3.0,BP,84,0.3250830173492432,g,GD
3.0,BP,85,0.5102237462997437,b,GD
3.0,BP,86,0.5111253261566162,b,GD
3.0,BP,87,0.3250829875469208,g,GD
3.0,BP,88,0.5733999609947205,c+d,GD
3.0,BP,89,0.3250830173492432,g,GD
3.0,BP,90,0.5115499496459961,b,GD
3.0,BP,91,0.3250830173492432,g,GD
3.0,BP,92,0.3250832557678223,g,GD
3.0,BP,93,0.5703374743461609,c+d,GD
3.0,BP,94,0.5101686716079712,b,GD
3.0,BP,95,0.3250830173492432,g,GD
3.0,BP,96,0.3250830173492432,g,GD
3.0,BP,97,0.3250829875469208,g,GD
3.0,BP,98,0.5105834007263184,b,GD
3.0,BP,99,0.511194109916687,b,GD
0.2,CBP,0,0.3250868916511536,g,GD
0.2,CBP,1,0.3250865936279297,g,GD
0.2,CBP,2,0.3290175795555115,g,GD
0.2,CBP,3,0.3250865936279297,g,GD
0.2,CBP,4,0.3250866532325745,g,GD
0.2,CBP,5,0.32937076687812805,g,GD
0.2,CBP,6,0.3250868618488312,g,GD
0.2,CBP,7,0.3295198678970337,g,GD
0.2,CBP,8,0.3250866532325745,g,GD
0.2,CBP,9,0.32951483130455017,g,GD
0.2,CBP,10,0.6931477785110474,a,GD
0.2,CBP,11,0.3300130367279053,g,GD
0.2,CBP,12,0.3296964168548584,g,GD
0.2,CBP,13,0.3250868022441864,g,GD
0.2,CBP,14,0.3250866532325745,g,GD
0.2,CBP,15,0.33046314120292664,g,GD
0.2,CBP,16,0.3250868022441864,g,GD
0.2,CBP,17,0.3250867426395416,g,GD
0.2,CBP,18,0.3250866234302521,g,GD
0.2,CBP,19,0.3250865638256073,g,GD
0.2,CBP,20,0.3250868320465088,g,GD
0.2,CBP,21,0.3250867426395416,g,GD
0.2,CBP,22,0.3250868320465088,g,GD
0.2,CBP,23,0.3289181292057037,g,GD
0.2,CBP,24,0.3250865340232849,g,GD
0.2,CBP,25,0.3250866234302521,g,GD
0.2,CBP,26,0.3250866532325745,g,GD
0.2,CBP,27,0.32983747124671936,g,GD
0.2,CBP,28,0.325086772441864,g,GD
0.2,CBP,29,0.3250865340232849,g,GD
0.2,CBP,30,0.3250866234302521,g,GD
0.2,CBP,31,0.3289209008216858,g,GD
0.2,CBP,32,0.3303034007549286,g,GD
0.2,CBP,33,0.3250868916511536,g,GD
0.2,CBP,34,0.3292889893054962,g,GD
0.2,CBP,35,0.32508668303489685,g,GD
0.2,CBP,36,0.3302618861198425,g,GD
0.2,CBP,37,0.3250865936279297,g,GD
0.2,CBP,38,0.3289826512336731,g,GD
0.2,CBP,39,0.3301254212856293,g,GD
0.2,CBP,40,0.3250864744186401,g,GD
0.2,CBP,41,0.3297600746154785,g,GD
0.2,CBP,42,0.3290510177612305,g,GD
0.2,CBP,43,0.3250867426395416,g,GD
0.2,CBP,44,0.32508671283721924,g,GD
0.2,CBP,45,0.3250868618488312,g,GD
0.2,CBP,46,0.325086772441864,g,GD
0.2,CBP,47,0.32969725131988525,g,GD
0.2,CBP,48,0.329616516828537,g,GD
0.2,CBP,49,0.3250866234302521,g,GD
0.2,CBP,50,0.3288948833942413,g,GD
0.2,CBP,51,0.3291740119457245,g,GD
0.2,CBP,52,0.3250865936279297,g,GD
0.2,CBP,53,0.3250865340232849,g,GD
0.2,CBP,54,0.32508671283721924,g,GD
0.2,CBP,55,0.3289951682090759,g,GD
0.2,CBP,56,0.33022916316986084,g,GD
0.2,CBP,57,0.3250866532325745,g,GD
0.2,CBP,58,0.32979270815849304,g,GD
0.2,CBP,59,0.3250865638256073,g,GD
0.2,CBP,60,0.325086772441864,g,GD
0.2,CBP,61,0.3250868022441864,g,GD
0.2,CBP,62,0.3292010724544525,g,GD
0.2,CBP,63,0.3250865638256073,g,GD
0.2,CBP,64,0.3250867426395416,g,GD
0.2,CBP,65,0.3250865936279297,g,GD
0.2,CBP,66,0.3250865638256073,g,GD
0.2,CBP,67,0.3250865340232849,g,GD
0.2,CBP,68,0.32508671283721924,g,GD
0.2,CBP,69,0.3250865936279297,g,GD
0.2,CBP,70,0.3250865638256073,g,GD
0.2,CBP,71,0.3250866234302521,g,GD
0.2,CBP,72,0.3250865340232849,g,GD
0.2,CBP,73,0.3289340436458588,g,GD
0.2,CBP,74,0.32508671283721924,g,GD
0.2,CBP,75,0.3293951749801636,g,GD
0.2,CBP,76,0.3301127552986145,g,GD
0.2,CBP,77,0.3250865936279297,g,GD
0.2,CBP,78,0.325086772441864,g,GD
0.2,CBP,79,0.3250866532325745,g,GD
0.2,CBP,80,0.3250865936279297,g,GD
0.2,CBP,81,0.3250865638256073,g,GD
0.2,CBP,82,0.3303331732749939,g,GD
0.2,CBP,83,0.3250865638256073,g,GD
0.2,CBP,84,0.3250864744186401,g,GD
0.2,CBP,85,0.3250865936279297,g,GD
0.2,CBP,86,0.3292109966278076,g,GD
0.2,CBP,87,0.3250866234302521,g,GD
0.2,CBP,88,0.3250865936279297,g,GD
0.2,CBP,89,0.32508668303489685,g,GD
0.2,CBP,90,0.3250865936279297,g,GD
0.2,CBP,91,0.3303241729736328,g,GD
0.2,CBP,92,0.3250868022441864,g,GD
0.2,CBP,93,0.3301810622215271,g,GD
0.2,CBP,94,0.32941293716430664,g,GD
0.2,CBP,95,0.3250865936279297,g,GD
0.2,CBP,96,0.3293581306934357,g,GD
0.2,CBP,97,0.32508668303489685,g,GD
0.2,CBP,98,0.32508668303489685,g,GD
0.2,CBP,99,0.3289092183113098,g,GD
0.5,CBP,0,0.3304358124732971,g,GD
0.5,CBP,1,0.3289884328842163,g,GD
0.5,CBP,2,0.329899400472641,g,GD
0.5,CBP,3,0.3299339711666107,g,GD
0.5,CBP,4,0.3250865638256073,g,GD
0.5,CBP,5,0.3290638625621796,g,GD
0.5,CBP,6,0.3292473256587982,g,GD
0.5,CBP,7,0.3287493586540222,g,GD
0.5,CBP,8,0.3250866234302521,g,GD
0.5,CBP,9,0.3250866532325745,g,GD
0.5,CBP,10,0.32508671283721924,g,GD
0.5,CBP,11,0.3250865936279297,g,GD
0.5,CBP,12,0.3250865638256073,g,GD
0.5,CBP,13,0.3250866532325745,g,GD
0.5,CBP,14,0.32870548963546753,g,GD
0.5,CBP,15,0.3291458487510681,g,GD
0.5,CBP,16,0.32508671283721924,g,GD
0.5,CBP,17,0.3312937021255493,g,GD
0.5,CBP,18,0.3250865936279297,g,GD
0.5,CBP,19,0.329865038394928,g,GD
0.5,CBP,20,0.3250868320465088,g,GD
0.5,CBP,21,0.3300638794898987,g,GD
0.5,CBP,22,0.3302823901176453,g,GD
0.5,CBP,23,0.3250866532325745,g,GD
0.5,CBP,24,0.32508671283721924,g,GD
0.5,CBP,25,0.325086772441864,g,GD
0.5,CBP,26,0.3250867426395416,g,GD
0.5,CBP,27,0.3250865042209625,g,GD
0.5,CBP,28,0.3293290138244629,g,GD
0.5,CBP,29,0.3300744295120239,g,GD
0.5,CBP,30,0.3299550414085388,g,GD
0.5,CBP,31,0.330769956111908,g,GD
0.5,CBP,32,0.32966968417167664,g,GD
0.5,CBP,33,0.3287038207054138,g,GD
0.5,CBP,34,0.33026215434074396,g,GD
0.5,CBP,35,0.32920151948928833,g,GD
0.5,CBP,36,0.3290853798389435,g,GD
0.5,CBP,37,0.3290318250656128,g,GD
0.5,CBP,38,0.3288450837135315,g,GD
0.5,CBP,39,0.3302989602088928,g,GD
0.5,CBP,40,0.3294461369514465,g,GD
0.5,CBP,41,0.32508668303489685,g,GD
0.5,CBP,42,0.3304502367973328,g,GD
0.5,CBP,43,0.32508671283721924,g,GD
0.5,CBP,44,0.3250866532325745,g,GD
0.5,CBP,45,0.3303781151771545,g,GD
0.5,CBP,46,0.3299081325531006,g,GD
0.5,CBP,47,0.3250866234302521,g,GD
0.5,CBP,48,0.3250866532325745,g,GD
0.5,CBP,49,0.3300493359565735,g,GD
0.5,CBP,50,0.3298695683479309,g,GD
0.5,CBP,51,0.32508671283721924,g,GD
0.5,CBP,52,0.33131492137908936,g,GD
0.5,CBP,53,0.3250865340232849,g,GD
0.5,CBP,54,0.32958248257637024,g,GD
0.5,CBP,55,0.3250865638256073,g,GD
0.5,CBP,56,0.3250865340232849,g,GD
0.5,CBP,57,0.3250868320465088,g,GD
0.5,CBP,58,0.3292221426963806,g,GD
0.5,CBP,59,0.32508671283721924,g,GD
0.5,CBP,60,0.3303443491458893,g,GD
0.5,CBP,61,0.3250866234302521,g,GD
0.5,CBP,62,0.3250868916511536,g,GD
0.5,CBP,63,0.3308451175689697,g,GD
0.5,CBP,64,0.3289471864700317,g,GD
0.5,CBP,65,0.3307661712169647,g,GD
0.5,CBP,66,0.32508671283721924,g,GD
0.5,CBP,67,0.33111533522605896,g,GD
0.5,CBP,68,0.3250867426395416,g,GD
0.5,CBP,69,0.3306241631507873,g,GD
0.5,CBP,70,0.33109015226364136,g,GD
0.5,CBP,71,0.3297626078128815,g,GD
0.5,CBP,72,0.3299027681350708,g,GD
0.5,CBP,73,0.3289623260498047,g,GD
0.5,CBP,74,0.329009473323822,g,GD
0.5,CBP,75,0.3299083709716797,g,GD
0.5,CBP,76,0.3250866532325745,g,GD
0.5,CBP,77,0.3307380676269531,g,GD
0.5,CBP,78,0.3292732834815979,g,GD
0.5,CBP,79,0.3295666873455048,g,GD
0.5,CBP,80,0.3250868916511536,g,GD
0.5,CBP,81,0.3296549916267395,g,GD
0.5,CBP,82,0.32508715987205505,g,GD
0.5,CBP,83,0.3295922875404358,g,GD
0.5,CBP,84,0.3297388255596161,g,GD
0.5,CBP,85,0.3301997780799866,g,GD
0.5,CBP,86,0.32944488525390625,g,GD
0.5,CBP,87,0.3250865936279297,g,GD
0.5,CBP,88,0.3314612507820129,g,GD
0.5,CBP,89,0.3250865936279297,g,GD
0.5,CBP,90,0.328978031873703,g,GD
0.5,CBP,91,0.33064478635787964,g,GD
0.5,CBP,92,0.3288651704788208,g,GD
0.5,CBP,93,0.3250866532325745,g,GD
0.5,CBP,94,0.3291758894920349,g,GD
0.5,CBP,95,0.3295835256576538,g,GD
0.5,CBP,96,0.3306174278259277,g,GD
0.5,CBP,97,0.33120763301849365,g,GD
0.5,CBP,98,0.3304816782474518,g,GD
0.5,CBP,99,0.3298688530921936,g,GD
1.0,CBP,0,0.3300415277481079,g,GD
1.0,CBP,1,0.3250868916511536,g,GD
1.0,CBP,2,0.325086772441864,g,GD
1.0,CBP,3,0.3299321532249451,g,GD
1.0,CBP,4,0.3250867426395416,g,GD
1.0,CBP,5,0.32878684997558594,g,GD
1.0,CBP,6,0.32508668303489685,g,GD
1.0,CBP,7,0.3311189413070679,g,GD
1.0,CBP,8,0.3295702338218689,g,GD
1.0,CBP,9,0.3250868916511536,g,GD
1.0,CBP,10,0.3309400081634521,g,GD
1.0,CBP,11,0.3290787935256958,g,GD
1.0,CBP,12,0.3300015330314636,g,GD
1.0,CBP,13,0.33075448870658875,g,GD
1.0,CBP,14,0.3295732140541077,g,GD
1.0,CBP,15,0.3298521637916565,g,GD
1.0,CBP,16,0.3306284844875336,g,GD
1.0,CBP,17,0.3250866532325745,g,GD
1.0,CBP,18,0.3308856189250946,g,GD
1.0,CBP,19,0.32951250672340393,g,GD
1.0,CBP,20,0.33131763339042664,g,GD
1.0,CBP,21,0.3302081525325775,g,GD
1.0,CBP,22,0.32998940348625183,g,GD
1.0,CBP,23,0.32508671283721924,g,GD
1.0,CBP,24,0.3250865042209625,g,GD
1.0,CBP,25,0.3294832706451416,g,GD
1.0,CBP,26,0.3295793831348419,g,GD
1.0,CBP,27,0.3314662277698517,g,GD
1.0,CBP,28,0.33155471086502075,g,GD
1.0,CBP,29,0.33019477128982544,g,GD
1.0,CBP,30,0.3306083381175995,g,GD
1.0,CBP,31,0.3312669396400452,g,GD
1.0,CBP,32,0.3309229612350464,g,GD
1.0,CBP,33,0.3301500678062439,g,GD
1.0,CBP,34,0.3288560211658478,g,GD
1.0,CBP,35,0.3301553428173065,g,GD
1.0,CBP,36,0.3250868022441864,g,GD
1.0,CBP,37,0.3297446966171265,g,GD
1.0,CBP,38,0.3304296135902405,g,GD
1.0,CBP,39,0.3301194608211517,g,GD
1.0,CBP,40,0.3305344581604004,g,GD
1.0,CBP,41,0.33108311891555786,g,GD
1.0,CBP,42,0.3250865340232849,g,GD
1.0,CBP,43,0.3300633430480957,g,GD
1.0,CBP,44,0.3294887840747833,g,GD
1.0,CBP,45,0.33174365758895874,g,GD
1.0,CBP,46,0.3302822709083557,g,GD
1.0,CBP,47,0.3295631408691406,g,GD
1.0,CBP,48,0.3301945924758911,g,GD
1.0,CBP,49,0.32925015687942505,g,GD
1.0,CBP,50,0.3250868022441864,g,GD
1.0,CBP,51,0.3315162658691406,g,GD
1.0,CBP,52,0.32508668303489685,g,GD
1.0,CBP,53,0.325086772441864,g,GD
1.0,CBP,54,0.3307300806045532,g,GD
1.0,CBP,55,0.3300650715827942,g,GD
1.0,CBP,56,0.3291835486888885,g,GD
1.0,CBP,57,0.33037030696868896,g,GD
1.0,CBP,58,0.33003106713294983,g,GD
1.0,CBP,59,0.3306404650211334,g,GD
1.0,CBP,60,0.3292003273963928,g,GD
1.0,CBP,61,0.33116698265075684,g,GD
1.0,CBP,62,0.3302781581878662,g,GD
1.0,CBP,63,0.3308519721031189,g,GD
1.0,CBP,64,0.3309729397296905,g,GD
1.0,CBP,65,0.3296456038951874,g,GD
1.0,CBP,66,0.3250871300697327,g,GD
1.0,CBP,67,0.3296380639076233,g,GD
1.0,CBP,68,0.3310879468917847,g,GD
1.0,CBP,69,0.32508668303489685,g,GD
1.0,CBP,70,0.3312065303325653,g,GD
1.0,CBP,71,0.3250865936279297,g,GD
1.0,CBP,72,0.33076632022857666,g,GD
1.0,CBP,73,0.3295409679412842,g,GD
1.0,CBP,74,0.3250865042209625,g,GD
1.0,CBP,75,0.3300977945327759,g,GD
1.0,CBP,76,0.3294007182121277,g,GD
1.0,CBP,77,0.3298898935317993,g,GD
1.0,CBP,78,0.33079981803894043,g,GD
1.0,CBP,79,0.3313881754875183,g,GD
1.0,CBP,80,0.33101972937583923,g,GD
1.0,CBP,81,0.32888782024383545,g,GD
1.0,CBP,82,0.3293169140815735,g,GD
1.0,CBP,83,0.3250865042209625,g,GD
1.0,CBP,84,0.3310518860816956,g,GD
1.0,CBP,85,0.3287979960441589,g,GD
1.0,CBP,86,0.3250865340232849,g,GD
1.0,CBP,87,0.3250867426395416,g,GD
1.0,CBP,88,0.3250864744186401,g,GD
1.0,CBP,89,0.3291988968849182,g,GD
1.0,CBP,90,0.33049121499061584,g,GD
1.0,CBP,91,0.3311403691768646,g,GD
1.0,CBP,92,0.32508671283721924,g,GD
1.0,CBP,93,0.3288968801498413,g,GD
1.0,CBP,94,0.3302316665649414,g,GD
1.0,CBP,95,0.3301319479942322,g,GD
1.0,CBP,96,0.32508641481399536,g,GD
1.0,CBP,97,0.32966336607933044,g,GD
1.0,CBP,98,0.32508695125579834,g,GD
1.0,CBP,99,0.3293513357639313,g,GD
3.0,CBP,0,0.3250870704650879,g,GD
3.0,CBP,1,0.3302644491195679,g,GD
3.0,CBP,2,0.32508638501167303,g,GD
3.0,CBP,3,0.33012285828590393,g,GD
3.0,CBP,4,0.3289877772331238,g,GD
3.0,CBP,5,0.329354852437973,g,GD
3.0,CBP,6,0.3315596580505371,g,GD
3.0,CBP,7,0.32975247502326965,g,GD
3.0,CBP,8,0.32869747281074524,g,GD
3.0,CBP,9,0.3288562297821045,g,GD
3.0,CBP,10,0.32508671283721924,g,GD
3.0,CBP,11,0.3250916004180908,g,GD
3.0,CBP,12,0.32509201765060425,g,GD
3.0,CBP,13,0.3299826681613922,g,GD
3.0,CBP,14,0.3307616710662842,g,GD
3.0,CBP,15,0.3250866234302521,g,GD
3.0,CBP,16,0.32980236411094666,g,GD
3.0,CBP,17,0.3306851089000702,g,GD
3.0,CBP,18,0.3297985792160034,g,GD
3.0,CBP,19,0.3296763300895691,g,GD
3.0,CBP,20,0.3279946446418762,g,GD
3.0,CBP,21,0.3250863552093506,g,GD
3.0,CBP,22,0.330391138792038,g,GD
3.0,CBP,23,0.3297455012798309,g,GD
3.0,CBP,24,0.3250863552093506,g,GD
3.0,CBP,25,0.3316682279109955,g,GD
3.0,CBP,26,0.32580408453941345,g,GD
3.0,CBP,27,0.33044037222862244,g,GD
3.0,CBP,28,0.33120596408843994,g,GD
3.0,CBP,29,0.3303616940975189,g,GD
3.0,CBP,30,0.3312225639820099,g,GD
3.0,CBP,31,0.33038148283958435,g,GD
3.0,CBP,32,0.32509204745292664,g,GD
3.0,CBP,33,0.32877495884895325,g,GD
3.0,CBP,34,0.32508671283721924,g,GD
3.0,CBP,35,0.3306183516979217,g,GD
3.0,CBP,36,0.3250882029533386,g,GD
3.0,CBP,37,0.3250866532325745,g,GD
3.0,CBP,38,0.32975396513938904,g,GD
3.0,CBP,39,0.3313876092433929,g,GD
3.0,CBP,40,0.32509207725524897,g,GD
3.0,CBP,41,0.3287644386291504,g,GD
3.0,CBP,42,0.3304852843284607,g,GD
3.0,CBP,43,0.3314149379730225,g,GD
3.0,CBP,44,0.3300090432167053,g,GD
3.0,CBP,45,0.3250866532325745,g,GD
3.0,CBP,46,0.3250918984413147,g,GD
3.0,CBP,47,0.3299650549888611,g,GD
3.0,CBP,48,0.3310803771018982,g,GD
3.0,CBP,49,0.3250865340232849,g,GD
3.0,CBP,50,0.3310212194919586,g,GD
3.0,CBP,51,0.3304381966590881,g,GD
3.0,CBP,52,0.3306226134300232,g,GD
3.0,CBP,53,0.33054786920547485,g,GD
3.0,CBP,54,0.3305216133594513,g,GD
3.0,CBP,55,0.32508668303489685,g,GD
3.0,CBP,56,0.33067452907562256,g,GD
3.0,CBP,57,0.331699013710022,g,GD
3.0,CBP,58,0.3288043737411499,g,GD
3.0,CBP,59,0.3294664621353149,g,GD
3.0,CBP,60,0.3286665976047516,g,GD
3.0,CBP,61,0.3308500349521637,g,GD
3.0,CBP,62,0.3304110765457153,g,GD
3.0,CBP,63,0.3306286931037903,g,GD
3.0,CBP,64,0.3296065926551819,g,GD
3.0,CBP,65,0.330962598323822,g,GD
3.0,CBP,66,0.3293047547340393,g,GD
3.0,CBP,67,0.32881712913513184,g,GD
3.0,CBP,68,0.325087308883667,g,GD
3.0,CBP,69,0.32509154081344604,g,GD
3.0,CBP,70,0.3299880623817444,g,GD
3.0,CBP,71,0.33125039935112,g,GD
3.0,CBP,72,0.3294040560722351,g,GD
3.0,CBP,73,0.3313140869140625,g,GD
3.0,CBP,74,0.33087074756622314,g,GD
3.0,CBP,75,0.33094561100006104,g,GD
3.0,CBP,76,0.33016878366470337,g,GD
3.0,CBP,77,0.3317144513130188,g,GD
3.0,CBP,78,0.33111295104026794,g,GD
3.0,CBP,79,0.3312429487705231,g,GD
3.0,CBP,80,0.3303568363189697,g,GD
3.0,CBP,81,0.32889604568481445,g,GD
3.0,CBP,82,0.3305080235004425,g,GD
3.0,CBP,83,0.3300510048866272,g,GD
3.0,CBP,84,0.33117690682411194,g,GD
3.0,CBP,85,0.3310580551624298,g,GD
3.0,CBP,86,0.3301762044429779,g,GD
3.0,CBP,87,0.33170437812805176,g,GD
3.0,CBP,88,0.3319535255432129,g,GD
3.0,CBP,89,0.32995545864105225,g,GD
3.0,CBP,90,0.3319923281669617,g,GD
3.0,CBP,91,0.3310394883155823,g,GD
3.0,CBP,92,0.3316488862037659,g,GD
3.0,CBP,93,0.32904672622680664,g,GD
3.0,CBP,94,0.33038803935050964,g,GD
3.0,CBP,95,0.3301151692867279,g,GD
3.0,CBP,96,0.3300371170043945,g,GD
3.0,CBP,97,0.33111125230789185,g,GD
3.0,CBP,98,0.3305209279060364,g,GD
3.0,CBP,99,0.3301961123943329,g,GD
0.2,BP,0,0.32508301734924316,g,Momentum
0.2,BP,1,0.6931471824645996,a,Momentum
0.2,BP,2,0.6931173205375671,a,Momentum
0.2,BP,3,0.693146824836731,a,Momentum
0.2,BP,4,0.32508301734924316,g,Momentum
0.2,BP,5,0.32508301734924316,g,Momentum
0.2,BP,6,0.3250829875469208,g,Momentum
0.2,BP,7,0.32508301734924316,g,Momentum
0.2,BP,8,0.32508301734924316,g,Momentum
0.2,BP,9,0.3250829875469208,g,Momentum
0.2,BP,10,0.32508301734924316,g,Momentum
0.2,BP,11,0.32508301734924316,g,Momentum
0.2,BP,12,0.3250829875469208,g,Momentum
0.2,BP,13,0.32508301734924316,g,Momentum
0.2,BP,14,0.32508301734924316,g,Momentum
0.2,BP,15,0.3250829875469208,g,Momentum
0.2,BP,16,0.3250829875469208,g,Momentum
0.2,BP,17,0.3250829875469208,g,Momentum
0.2,BP,18,0.32508301734924316,g,Momentum
0.2,BP,19,0.3250829875469208,g,Momentum
0.2,BP,20,0.3250829875469208,g,Momentum
0.2,BP,21,0.32508301734924316,g,Momentum
0.2,BP,22,0.32508301734924316,g,Momentum
0.2,BP,23,0.6931411027908325,a,Momentum
0.2,BP,24,0.32508301734924316,g,Momentum
0.2,BP,25,0.3250829875469208,g,Momentum
0.2,BP,26,0.3250829875469208,g,Momentum
0.2,BP,27,0.32508301734924316,g,Momentum
0.2,BP,28,0.3250829875469208,g,Momentum
0.2,BP,29,0.3250829875469208,g,Momentum
0.2,BP,30,0.6931467056274414,a,Momentum
0.2,BP,31,0.3250829875469208,g,Momentum
0.2,BP,32,0.32508301734924316,g,Momentum
0.2,BP,33,0.32508301734924316,g,Momentum
0.2,BP,34,0.32508301734924316,g,Momentum
0.2,BP,35,0.3250829577445984,g,Momentum
0.2,BP,36,0.3250829875469208,g,Momentum
0.2,BP,37,0.32508301734924316,g,Momentum
0.2,BP,38,0.3250829875469208,g,Momentum
0.2,BP,39,0.32508301734924316,g,Momentum
0.2,BP,40,0.3250829875469208,g,Momentum
0.2,BP,41,0.6931470632553101,a,Momentum
0.2,BP,42,0.32508301734924316,g,Momentum
0.2,BP,43,0.32508301734924316,g,Momentum
0.2,BP,44,0.32508301734924316,g,Momentum
0.2,BP,45,0.32508301734924316,g,Momentum
0.2,BP,46,0.3250829875469208,g,Momentum
0.2,BP,47,0.3250829875469208,g,Momentum
0.2,BP,48,0.32508301734924316,g,Momentum
0.2,BP,49,0.32508301734924316,g,Momentum
0.2,BP,50,0.32508301734924316,g,Momentum
0.2,BP,51,0.32508301734924316,g,Momentum
0.2,BP,52,0.32508301734924316,g,Momentum
0.2,BP,53,0.32508301734924316,g,Momentum
0.2,BP,54,0.3250829875469208,g,Momentum
0.2,BP,55,0.3250829875469208,g,Momentum
0.2,BP,56,0.3250829875469208,g,Momentum
0.2,BP,57,0.3250829875469208,g,Momentum
0.2,BP,58,0.32508301734924316,g,Momentum
0.2,BP,59,0.32508301734924316,g,Momentum
0.2,BP,60,0.32508301734924316,g,Momentum
0.2,BP,61,0.32508301734924316,g,Momentum
0.2,BP,62,0.32508301734924316,g,Momentum
0.2,BP,63,0.32508301734924316,g,Momentum
0.2,BP,64,0.32508301734924316,g,Momentum
0.2,BP,65,0.3250829875469208,g,Momentum
0.2,BP,66,0.3250829875469208,g,Momentum
0.2,BP,67,0.3250829875469208,g,Momentum
0.2,BP,68,0.6931471228599548,a,Momentum
0.2,BP,69,0.32508301734924316,g,Momentum
0.2,BP,70,0.32508301734924316,g,Momentum
0.2,BP,71,0.3250829577445984,g,Momentum
0.2,BP,72,0.3250829875469208,g,Momentum
0.2,BP,73,0.32508301734924316,g,Momentum
0.2,BP,74,0.32508301734924316,g,Momentum
0.2,BP,75,0.32508301734924316,g,Momentum
0.2,BP,76,0.3250829875469208,g,Momentum
0.2,BP,77,0.32508301734924316,g,Momentum
0.2,BP,78,0.3250829875469208,g,Momentum
0.2,BP,79,0.3250829875469208,g,Momentum
0.2,BP,80,0.3250829577445984,g,Momentum
0.2,BP,81,0.32508301734924316,g,Momentum
0.2,BP,82,0.32508301734924316,g,Momentum
0.2,BP,83,0.3250829875469208,g,Momentum
0.2,BP,84,0.3250829875469208,g,Momentum
0.2,BP,85,0.3250829875469208,g,Momentum
0.2,BP,86,0.3250829875469208,g,Momentum
0.2,BP,87,0.3250829875469208,g,Momentum
0.2,BP,88,0.3250829875469208,g,Momentum
0.2,BP,89,0.3250829875469208,g,Momentum
0.2,BP,90,0.6931440830230713,a,Momentum
0.2,BP,91,0.32508301734924316,g,Momentum
0.2,BP,92,0.3250829875469208,g,Momentum
0.2,BP,93,0.32508301734924316,g,Momentum
0.2,BP,94,0.32508301734924316,g,Momentum
0.2,BP,95,0.3250829875469208,g,Momentum
0.2,BP,96,0.32508301734924316,g,Momentum
0.2,BP,97,0.3250829875469208,g,Momentum
0.2,BP,98,0.3250829875469208,g,Momentum
0.2,BP,99,0.3250829577445984,g,Momentum
0.5,BP,0,0.32508301734924316,g,Momentum
0.5,BP,1,0.3250829875469208,g,Momentum
0.5,BP,2,0.3250829875469208,g,Momentum
0.5,BP,3,0.32508301734924316,g,Momentum
0.5,BP,4,0.32508301734924316,g,Momentum
0.5,BP,5,0.32508301734924316,g,Momentum
0.5,BP,6,0.3250829875469208,g,Momentum
0.5,BP,7,0.3250829875469208,g,Momentum
0.5,BP,8,0.32508301734924316,g,Momentum
0.5,BP,9,0.32508301734924316,g,Momentum
0.5,BP,10,0.3250829875469208,g,Momentum
0.5,BP,11,0.32508301734924316,g,Momentum
0.5,BP,12,0.32508301734924316,g,Momentum
0.5,BP,13,0.32508301734924316,g,Momentum
0.5,BP,14,0.3250829875469208,g,Momentum
0.5,BP,15,0.3250829875469208,g,Momentum
0.5,BP,16,0.3250829875469208,g,Momentum
0.5,BP,17,0.3250829875469208,g,Momentum
0.5,BP,18,0.32508301734924316,g,Momentum
0.5,BP,19,0.32508301734924316,g,Momentum
0.5,BP,20,0.3250829875469208,g,Momentum
0.5,BP,21,0.3250829875469208,g,Momentum
0.5,BP,22,0.3250829875469208,g,Momentum
0.5,BP,23,0.32508301734924316,g,Momentum
0.5,BP,24,0.3250829875469208,g,Momentum
0.5,BP,25,0.32508301734924316,g,Momentum
0.5,BP,26,0.32508301734924316,g,Momentum
0.5,BP,27,0.32508301734924316,g,Momentum
0.5,BP,28,0.3250829875469208,g,Momentum
0.5,BP,29,0.3250829875469208,g,Momentum
0.5,BP,30,0.32508301734924316,g,Momentum
0.5,BP,31,0.3250829875469208,g,Momentum
0.5,BP,32,0.509212851524353,b,Momentum
0.5,BP,33,0.5092244148254395,b,Momentum
0.5,BP,34,0.32508301734924316,g,Momentum
0.5,BP,35,0.32508301734924316,g,Momentum
0.5,BP,36,0.32508301734924316,g,Momentum
0.5,BP,37,0.32508301734924316,g,Momentum
0.5,BP,38,0.3250829875469208,g,Momentum
0.5,BP,39,0.32508301734924316,g,Momentum
0.5,BP,40,0.32508301734924316,g,Momentum
0.5,BP,41,0.32508301734924316,g,Momentum
0.5,BP,42,0.5092136859893799,b,Momentum
0.5,BP,43,0.32508301734924316,g,Momentum
0.5,BP,44,0.32508301734924316,g,Momentum
0.5,BP,45,0.3250829875469208,g,Momentum
0.5,BP,46,0.32508301734924316,g,Momentum
0.5,BP,47,0.3250829875469208,g,Momentum
0.5,BP,48,0.32508301734924316,g,Momentum
0.5,BP,49,0.3250829875469208,g,Momentum
0.5,BP,50,0.32508301734924316,g,Momentum
0.5,BP,51,0.32508301734924316,g,Momentum
0.5,BP,52,0.3250829875469208,g,Momentum
0.5,BP,53,0.32508301734924316,g,Momentum
0.5,BP,54,0.3250829875469208,g,Momentum
0.5,BP,55,0.32508301734924316,g,Momentum
0.5,BP,56,0.3250829875469208,g,Momentum
0.5,BP,57,0.3250829875469208,g,Momentum
0.5,BP,58,0.3250829875469208,g,Momentum
0.5,BP,59,0.32508301734924316,g,Momentum
0.5,BP,60,0.5092223286628723,b,Momentum
0.5,BP,61,0.3250829577445984,g,Momentum
0.5,BP,62,0.32508301734924316,g,Momentum
0.5,BP,63,0.32508301734924316,g,Momentum
0.5,BP,64,0.3250829875469208,g,Momentum
0.5,BP,65,0.3250829875469208,g,Momentum
0.5,BP,66,0.32508301734924316,g,Momentum
0.5,BP,67,0.32508301734924316,g,Momentum
0.5,BP,68,0.3250829875469208,g,Momentum
0.5,BP,69,0.3250829875469208,g,Momentum
0.5,BP,70,0.32508301734924316,g,Momentum
0.5,BP,71,0.3250829875469208,g,Momentum
0.5,BP,72,0.3250829875469208,g,Momentum
0.5,BP,73,0.5092154145240784,b,Momentum
0.5,BP,74,0.32508301734924316,g,Momentum
0.5,BP,75,0.3250829875469208,g,Momentum
0.5,BP,76,0.3250829875469208,g,Momentum
0.5,BP,77,0.3250829875469208,g,Momentum
0.5,BP,78,0.32508301734924316,g,Momentum
0.5,BP,79,0.5092169046401978,b,Momentum
0.5,BP,80,0.3250829875469208,g,Momentum
0.5,BP,81,0.3250829875469208,g,Momentum
0.5,BP,82,0.3250829875469208,g,Momentum
0.5,BP,83,0.3250829875469208,g,Momentum
0.5,BP,84,0.3250829875469208,g,Momentum
0.5,BP,85,0.3250829875469208,g,Momentum
0.5,BP,86,0.32508301734924316,g,Momentum
0.5,BP,87,0.3250829875469208,g,Momentum
0.5,BP,88,0.3250829875469208,g,Momentum
0.5,BP,89,0.32508301734924316,g,Momentum
0.5,BP,90,0.3250829875469208,g,Momentum
0.5,BP,91,0.32508301734924316,g,Momentum
0.5,BP,92,0.32508301734924316,g,Momentum
0.5,BP,93,0.3250829875469208,g,Momentum
0.5,BP,94,0.3250829875469208,g,Momentum
0.5,BP,95,0.32508301734924316,g,Momentum
0.5,BP,96,0.3250829875469208,g,Momentum
0.5,BP,97,0.32508301734924316,g,Momentum
0.5,BP,98,0.3250829875469208,g,Momentum
0.5,BP,99,0.32508301734924316,g,Momentum
1.0,BP,0,0.32508301734924316,g,Momentum
1.0,BP,1,0.32508301734924316,g,Momentum
1.0,BP,2,0.32508301734924316,g,Momentum
1.0,BP,3,0.32508301734924316,g,Momentum
1.0,BP,4,0.3250829875469208,g,Momentum
1.0,BP,5,0.3250829875469208,g,Momentum
1.0,BP,6,0.32508301734924316,g,Momentum
1.0,BP,7,0.509213387966156,b,Momentum
1.0,BP,8,0.3250829875469208,g,Momentum
1.0,BP,9,0.32508301734924316,g,Momentum
1.0,BP,10,0.32508301734924316,g,Momentum
1.0,BP,11,0.32508301734924316,g,Momentum
1.0,BP,12,0.3250829875469208,g,Momentum
1.0,BP,13,0.32508301734924316,g,Momentum
1.0,BP,14,0.32508301734924316,g,Momentum
1.0,BP,15,0.32508301734924316,g,Momentum
1.0,BP,16,0.3250829875469208,g,Momentum
1.0,BP,17,0.3250829875469208,g,Momentum
1.0,BP,18,0.5743134021759033,c+d,Momentum
1.0,BP,19,0.32508301734924316,g,Momentum
1.0,BP,20,0.3250829875469208,g,Momentum
1.0,BP,21,0.32508301734924316,g,Momentum
1.0,BP,22,0.32508301734924316,g,Momentum
1.0,BP,23,0.3250829577445984,g,Momentum
1.0,BP,24,0.32508301734924316,g,Momentum
1.0,BP,25,0.3250829875469208,g,Momentum
1.0,BP,26,0.3250829875469208,g,Momentum
1.0,BP,27,0.32508301734924316,g,Momentum
1.0,BP,28,0.3250829875469208,g,Momentum
1.0,BP,29,0.32508301734924316,g,Momentum
1.0,BP,30,0.32508301734924316,g,Momentum
1.0,BP,31,0.3250829875469208,g,Momentum
1.0,BP,32,0.5092112421989441,b,Momentum
1.0,BP,33,0.3250829577445984,g,Momentum
1.0,BP,34,0.5092118382453918,b,Momentum
1.0,BP,35,0.3250829875469208,g,Momentum
1.0,BP,36,0.32508301734924316,g,Momentum
1.0,BP,37,0.32508301734924316,g,Momentum
1.0,BP,38,0.5092120170593262,b,Momentum
1.0,BP,39,0.3250829875469208,g,Momentum
1.0,BP,40,0.3250829875469208,g,Momentum
1.0,BP,41,0.32508301734924316,g,Momentum
1.0,BP,42,0.5092116594314575,b,Momentum
1.0,BP,43,0.32508301734924316,g,Momentum
1.0,BP,44,0.3250829875469208,g,Momentum
1.0,BP,45,0.32508301734924316,g,Momentum
1.0,BP,46,0.32508301734924316,g,Momentum
1.0,BP,47,0.32508301734924316,g,Momentum
1.0,BP,48,0.3250829577445984,g,Momentum
1.0,BP,49,0.5092110633850098,b,Momentum
1.0,BP,50,0.32508301734924316,g,Momentum
1.0,BP,51,0.3250829875469208,g,Momentum
1.0,BP,52,0.3250829875469208,g,Momentum
1.0,BP,53,0.32508301734924316,g,Momentum
1.0,BP,54,0.32508301734924316,g,Momentum
1.0,BP,55,0.3250829875469208,g,Momentum
1.0,BP,56,0.32508301734924316,g,Momentum
1.0,BP,57,0.3250829875469208,g,Momentum
1.0,BP,58,0.3250829875469208,g,Momentum
1.0,BP,59,0.3250829875469208,g,Momentum
1.0,BP,60,0.3250829875469208,g,Momentum
1.0,BP,61,0.3250829875469208,g,Momentum
1.0,BP,62,0.32508301734924316,g,Momentum
1.0,BP,63,0.3250829875469208,g,Momentum
1.0,BP,64,0.3250829875469208,g,Momentum
1.0,BP,65,0.32508301734924316,g,Momentum
1.0,BP,66,0.32508301734924316,g,Momentum
1.0,BP,67,0.3250829875469208,g,Momentum
1.0,BP,68,0.32508301734924316,g,Momentum
1.0,BP,69,0.3250829577445984,g,Momentum
1.0,BP,70,0.32508301734924316,g,Momentum
1.0,BP,71,0.3250829875469208,g,Momentum
1.0,BP,72,0.3250829875469208,g,Momentum
1.0,BP,73,0.5092118978500366,b,Momentum
1.0,BP,74,0.5092113018035889,b,Momentum
1.0,BP,75,0.32508301734924316,g,Momentum
1.0,BP,76,0.32508301734924316,g,Momentum
1.0,BP,77,0.3250829577445984,g,Momentum
1.0,BP,78,0.32508301734924316,g,Momentum
1.0,BP,79,0.509212851524353,b,Momentum
1.0,BP,80,0.32508301734924316,g,Momentum
1.0,BP,81,0.32508301734924316,g,Momentum
1.0,BP,82,0.509211003780365,b,Momentum
1.0,BP,83,0.32508301734924316,g,Momentum
1.0,BP,84,0.32508301734924316,g,Momentum
1.0,BP,85,0.3250829875469208,g,Momentum
1.0,BP,86,0.32508301734924316,g,Momentum
1.0,BP,87,0.3250829875469208,g,Momentum
1.0,BP,88,0.3250829875469208,g,Momentum
1.0,BP,89,0.3250829875469208,g,Momentum
1.0,BP,90,0.32508301734924316,g,Momentum
1.0,BP,91,0.32508301734924316,g,Momentum
1.0,BP,92,0.32508301734924316,g,Momentum
1.0,BP,93,0.3250829875469208,g,Momentum
1.0,BP,94,0.32508301734924316,g,Momentum
1.0,BP,95,0.3250829875469208,g,Momentum
1.0,BP,96,0.3250829875469208,g,Momentum
1.0,BP,97,0.3250829577445984,g,Momentum
1.0,BP,98,0.5092127323150635,b,Momentum
1.0,BP,99,0.5092120170593262,b,Momentum
3.0,BP,0,0.5744402408599854,c+d,Momentum
3.0,BP,1,0.32508301734924316,g,Momentum
3.0,BP,2,0.32508301734924316,g,Momentum
3.0,BP,3,0.5092129707336426,b,Momentum
3.0,BP,4,0.3250829875469208,g,Momentum
3.0,BP,5,0.3250829875469208,g,Momentum
3.0,BP,6,0.32508301734924316,g,Momentum
3.0,BP,7,0.3250829875469208,g,Momentum
3.0,BP,8,0.32508301734924316,g,Momentum
3.0,BP,9,0.32508301734924316,g,Momentum
3.0,BP,10,0.3250829875469208,g,Momentum
3.0,BP,11,0.32508301734924316,g,Momentum
3.0,BP,12,0.32508301734924316,g,Momentum
3.0,BP,13,0.5092069506645203,b,Momentum
3.0,BP,14,0.32508301734924316,g,Momentum
3.0,BP,15,0.5093030333518982,b,Momentum
3.0,BP,16,0.5092100501060486,b,Momentum
3.0,BP,17,0.5743125677108765,c+d,Momentum
3.0,BP,18,0.5743368268013,c+d,Momentum
3.0,BP,19,0.5092237591743469,b,Momentum
3.0,BP,20,0.32508301734924316,g,Momentum
3.0,BP,21,0.5093019008636475,b,Momentum
3.0,BP,22,0.3250829875469208,g,Momentum
3.0,BP,23,0.3250829875469208,g,Momentum
3.0,BP,24,0.3250829875469208,g,Momentum
3.0,BP,25,0.3250829875469208,g,Momentum
3.0,BP,26,0.5092960596084595,b,Momentum
3.0,BP,27,0.3250829875469208,g,Momentum
3.0,BP,28,0.5092107057571411,b,Momentum
3.0,BP,29,0.32508301734924316,g,Momentum
3.0,BP,30,0.32508301734924316,g,Momentum
3.0,BP,31,0.5090659260749817,b,Momentum
3.0,BP,32,0.509210467338562,b,Momentum
3.0,BP,33,0.32508301734924316,g,Momentum
3.0,BP,34,0.5092111825942993,b,Momentum
3.0,BP,35,0.5092346668243408,b,Momentum
3.0,BP,36,0.32508301734924316,g,Momentum
3.0,BP,37,0.5092092752456665,b,Momentum
3.0,BP,38,0.5092207193374634,b,Momentum
3.0,BP,39,0.32508301734924316,g,Momentum
3.0,BP,40,0.5092108249664307,b,Momentum
3.0,BP,41,0.3250829875469208,g,Momentum
3.0,BP,42,0.5092098712921143,b,Momentum
3.0,BP,43,0.3250829875469208,g,Momentum
3.0,BP,44,0.3250829875469208,g,Momentum
3.0,BP,45,0.32508301734924316,g,Momentum
3.0,BP,46,0.32508301734924316,g,Momentum
3.0,BP,47,0.32508301734924316,g,Momentum
3.0,BP,48,0.32508301734924316,g,Momentum
3.0,BP,49,0.5092094540596008,b,Momentum
3.0,BP,50,0.3250829875469208,g,Momentum
3.0,BP,51,0.5092101097106934,b,Momentum
3.0,BP,52,0.5092141032218933,b,Momentum
3.0,BP,53,0.32508301734924316,g,Momentum
3.0,BP,54,0.509303092956543,b,Momentum
3.0,BP,55,0.32508301734924316,g,Momentum
3.0,BP,56,0.3250829875469208,g,Momentum
3.0,BP,57,0.32508301734924316,g,Momentum
3.0,BP,58,0.3250829875469208,g,Momentum
3.0,BP,59,0.3250829875469208,g,Momentum
3.0,BP,60,0.32508301734924316,g,Momentum
3.0,BP,61,0.3250829875469208,g,Momentum
3.0,BP,62,0.32508301734924316,g,Momentum
3.0,BP,63,0.3250829875469208,g,Momentum
3.0,BP,64,0.509211003780365,b,Momentum
3.0,BP,65,0.5092142820358276,b,Momentum
3.0,BP,66,0.3250829875469208,g,Momentum
3.0,BP,67,0.574406623840332,c+d,Momentum
3.0,BP,68,0.3250829875469208,g,Momentum
3.0,BP,69,0.5092998743057251,b,Momentum
3.0,BP,70,0.5743242502212524,c+d,Momentum
3.0,BP,71,0.3250829875469208,g,Momentum
3.0,BP,72,0.32508301734924316,g,Momentum
3.0,BP,73,0.5092102885246277,b,Momentum
3.0,BP,74,0.5092106461524963,b,Momentum
3.0,BP,75,0.5092114210128784,b,Momentum
3.0,BP,76,0.32508301734924316,g,Momentum
3.0,BP,77,0.32508301734924316,g,Momentum
3.0,BP,78,0.32508301734924316,g,Momentum
3.0,BP,79,0.5092102885246277,b,Momentum
3.0,BP,80,0.3250829875469208,g,Momentum
3.0,BP,81,0.32508301734924316,g,Momentum
3.0,BP,82,0.5092109441757202,b,Momentum
3.0,BP,83,0.5092951059341431,b,Momentum
3.0,BP,84,0.32508301734924316,g,Momentum
3.0,BP,85,0.3250829875469208,g,Momentum
3.0,BP,86,0.5084758400917053,b,Momentum
3.0,BP,87,0.3250829875469208,g,Momentum
3.0,BP,88,0.5092195272445679,b,Momentum
3.0,BP,89,0.32508301734924316,g,Momentum
3.0,BP,90,0.3250829875469208,g,Momentum
3.0,BP,91,0.32508301734924316,g,Momentum
3.0,BP,92,0.32508301734924316,g,Momentum
3.0,BP,93,0.3250829875469208,g,Momentum
3.0,BP,94,0.5092093348503113,b,Momentum
3.0,BP,95,0.3250829875469208,g,Momentum
3.0,BP,96,0.3250829875469208,g,Momentum
3.0,BP,97,0.3250829875469208,g,Momentum
3.0,BP,98,0.5092123746871948,b,Momentum
3.0,BP,99,0.5092097520828247,b,Momentum
0.2,BP,0,0.5741390585899353,c+d,Adam
0.2,BP,1,0.5741438865661621,c+d,Adam
0.2,BP,2,0.5741391181945801,c+d,Adam
0.2,BP,3,0.5741397142410278,c+d,Adam
0.2,BP,4,0.3250844180583954,g,Adam
0.2,BP,5,0.32508301734924316,g,Adam
0.2,BP,6,0.5741390585899353,c+d,Adam
0.2,BP,7,0.32508301734924316,g,Adam
0.2,BP,8,0.32516545057296753,g,Adam
0.2,BP,9,0.5741987228393555,c+d,Adam
0.2,BP,10,0.32508301734924316,g,Adam
0.2,BP,11,0.5741391181945801,c+d,Adam
0.2,BP,12,0.5741391181945801,c+d,Adam
0.2,BP,13,0.5741391181945801,c+d,Adam
0.2,BP,14,0.5741391777992249,c+d,Adam
0.2,BP,15,0.3250829577445984,g,Adam
0.2,BP,16,0.32508301734924316,g,Adam
0.2,BP,17,0.5741391181945801,c+d,Adam
0.2,BP,18,0.5091151595115662,b,Adam
0.2,BP,19,0.5741393566131592,c+d,Adam
0.2,BP,20,0.5741391181945801,c+d,Adam
0.2,BP,21,0.3250829875469208,g,Adam
0.2,BP,22,0.5741395354270935,c+d,Adam
0.2,BP,23,0.5741391181945801,c+d,Adam
0.2,BP,24,0.32508301734924316,g,Adam
0.2,BP,25,0.509117603302002,b,Adam
0.2,BP,26,0.32508301734924316,g,Adam
0.2,BP,27,0.32508301734924316,g,Adam
0.2,BP,28,0.3250850439071655,g,Adam
0.2,BP,29,0.5741433501243591,c+d,Adam
0.2,BP,30,0.32508301734924316,g,Adam
0.2,BP,31,0.32508355379104614,g,Adam
0.2,BP,32,0.3251881003379822,g,Adam
0.2,BP,33,0.5741391181945801,c+d,Adam
0.2,BP,34,0.5741391181945801,c+d,Adam
0.2,BP,35,0.3253433108329773,g,Adam
0.2,BP,36,0.5091151595115662,b,Adam
0.2,BP,37,0.3250829577445984,g,Adam
0.2,BP,38,0.5741391181945801,c+d,Adam
0.2,BP,39,0.32509559392929077,g,Adam
0.2,BP,40,0.32508301734924316,g,Adam
0.2,BP,41,0.32508647441864014,g,Adam
0.2,BP,42,0.5091151595115662,b,Adam
0.2,BP,43,0.32508301734924316,g,Adam
0.2,BP,44,0.5741390585899353,c+d,Adam
0.2,BP,45,0.5741397142410278,c+d,Adam
0.2,BP,46,0.5741391181945801,c+d,Adam
0.2,BP,47,0.5091151595115662,b,Adam
0.2,BP,48,0.5741391777992249,c+d,Adam
0.2,BP,49,0.32508301734924316,g,Adam
0.2,BP,50,0.5741404891014099,c+d,Adam
0.2,BP,51,0.32508301734924316,g,Adam
0.2,BP,52,0.32508301734924316,g,Adam
0.2,BP,53,0.5741390585899353,c+d,Adam
0.2,BP,54,0.32508301734924316,g,Adam
0.2,BP,55,0.32508301734924316,g,Adam
0.2,BP,56,0.5741391181945801,c+d,Adam
0.2,BP,57,0.32508301734924316,g,Adam
0.2,BP,58,0.32508301734924316,g,Adam
0.2,BP,59,0.5741391181945801,c+d,Adam
0.2,BP,60,0.32508301734924316,g,Adam
0.2,BP,61,0.5091151595115662,b,Adam
0.2,BP,62,0.5742216110229492,c+d,Adam
0.2,BP,63,0.5741391181945801,c+d,Adam
0.2,BP,64,0.3250829875469208,g,Adam
0.2,BP,65,0.32508301734924316,g,Adam
0.2,BP,66,0.5741390585899353,c+d,Adam
0.2,BP,67,0.5741391181945801,c+d,Adam
0.2,BP,68,0.5741391181945801,c+d,Adam
0.2,BP,69,0.5741392970085144,c+d,Adam
0.2,BP,70,0.5741391777992249,c+d,Adam
0.2,BP,71,0.5741391181945801,c+d,Adam
0.2,BP,72,0.5742419958114624,c+d,Adam
0.2,BP,73,0.32508301734924316,g,Adam
0.2,BP,74,0.32508301734924316,g,Adam
0.2,BP,75,0.32508301734924316,g,Adam
0.2,BP,76,0.5741390585899353,c+d,Adam
0.2,BP,77,0.5741391777992249,c+d,Adam
0.2,BP,78,0.5091151595115662,b,Adam
0.2,BP,79,0.5741798877716064,c+d,Adam
0.2,BP,80,0.5741391181945801,c+d,Adam
0.2,BP,81,0.5741391181945801,c+d,Adam
0.2,BP,82,0.5741631388664246,c+d,Adam
0.2,BP,83,0.32508301734924316,g,Adam
0.2,BP,84,0.5091151595115662,b,Adam
0.2,BP,85,0.574140191078186,c+d,Adam
0.2,BP,86,0.32508301734924316,g,Adam
0.2,BP,87,0.32508301734924316,g,Adam
0.2,BP,88,0.32508301734924316,g,Adam
0.2,BP,89,0.5741391181945801,c+d,Adam
0.2,BP,90,0.5741901397705078,c+d,Adam
0.2,BP,91,0.5091331005096436,b,Adam
0.2,BP,92,0.3250829875469208,g,Adam
0.2,BP,93,0.5091238021850586,b,Adam
0.2,BP,94,0.5741391181945801,c+d,Adam
0.2,BP,95,0.5741392970085144,c+d,Adam
0.2,BP,96,0.3250831961631775,g,Adam
0.2,BP,97,0.5741390585899353,c+d,Adam
0.2,BP,98,0.32508301734924316,g,Adam
0.2,BP,99,0.5741390585899353,c+d,Adam
0.5,BP,0,0.5741391181945801,c+d,Adam
0.5,BP,1,0.5091150999069214,b,Adam
0.5,BP,2,0.3250829875469208,g,Adam
0.5,BP,3,0.32508301734924316,g,Adam
0.5,BP,4,0.32508301734924316,g,Adam
0.5,BP,5,0.32508301734924316,g,Adam
0.5,BP,6,0.32508301734924316,g,Adam
0.5,BP,7,0.3250829875469208,g,Adam
0.5,BP,8,0.3250839114189148,g,Adam
0.5,BP,9,0.5091151595115662,b,Adam
0.5,BP,10,0.5091152191162109,b,Adam
0.5,BP,11,0.32508301734924316,g,Adam
0.5,BP,12,0.5091151595115662,b,Adam
0.5,BP,13,0.5741391181945801,c+d,Adam
0.5,BP,14,0.32508301734924316,g,Adam
0.5,BP,15,0.32508301734924316,g,Adam
0.5,BP,16,0.32512521743774414,g,Adam
0.5,BP,17,0.5741391181945801,c+d,Adam
0.5,BP,18,0.32508301734924316,g,Adam
0.5,BP,19,0.32508301734924316,g,Adam
0.5,BP,20,0.325107216835022,g,Adam
0.5,BP,21,0.32508301734924316,g,Adam
0.5,BP,22,0.5741390585899353,c+d,Adam
0.5,BP,23,0.5741435289382935,c+d,Adam
0.5,BP,24,0.32508301734924316,g,Adam
0.5,BP,25,0.325083464384079,g,Adam
0.5,BP,26,0.32508301734924316,g,Adam
0.5,BP,27,0.32508301734924316,g,Adam
0.5,BP,28,0.5741390585899353,c+d,Adam
0.5,BP,29,0.5741391181945801,c+d,Adam
0.5,BP,30,0.5741390585899353,c+d,Adam
0.5,BP,31,0.3250829875469208,g,Adam
0.5,BP,32,0.32508301734924316,g,Adam
0.5,BP,33,0.32508301734924316,g,Adam
0.5,BP,34,0.5741390585899353,c+d,Adam
0.5,BP,35,0.32508423924446106,g,Adam
0.5,BP,36,0.32508301734924316,g,Adam
0.5,BP,37,0.32508301734924316,g,Adam
0.5,BP,38,0.5741391181945801,c+d,Adam
0.5,BP,39,0.32508373260498047,g,Adam
0.5,BP,40,0.5091150999069214,b,Adam
0.5,BP,41,0.5091151595115662,b,Adam
0.5,BP,42,0.5091151595115662,b,Adam
0.5,BP,43,0.5741504430770874,c+d,Adam
0.5,BP,44,0.32508301734924316,g,Adam
0.5,BP,45,0.5741392374038696,c+d,Adam
0.5,BP,46,0.5741391181945801,c+d,Adam
0.5,BP,47,0.32508301734924316,g,Adam
0.5,BP,48,0.5091151595115662,b,Adam
0.5,BP,49,0.5091163516044617,b,Adam
0.5,BP,50,0.32508373260498047,g,Adam
0.5,BP,51,0.3250829875469208,g,Adam
0.5,BP,52,0.3251287639141083,g,Adam
0.5,BP,53,0.3250831365585327,g,Adam
0.5,BP,54,0.32508301734924316,g,Adam
0.5,BP,55,0.32508426904678345,g,Adam
0.5,BP,56,0.32508301734924316,g,Adam
0.5,BP,57,0.32508301734924316,g,Adam
0.5,BP,58,0.32508301734924316,g,Adam
0.5,BP,59,0.5091151595115662,b,Adam
0.5,BP,60,0.32508301734924316,g,Adam
0.5,BP,61,0.5091151595115662,b,Adam
0.5,BP,62,0.5741390585899353,c+d,Adam
0.5,BP,63,0.5741391181945801,c+d,Adam
0.5,BP,64,0.32508301734924316,g,Adam
0.5,BP,65,0.32508301734924316,g,Adam
0.5,BP,66,0.32508301734924316,g,Adam
0.5,BP,67,0.32508301734924316,g,Adam
0.5,BP,68,0.5741391181945801,c+d,Adam
0.5,BP,69,0.5741391181945801,c+d,Adam
0.5,BP,70,0.3250829875469208,g,Adam
0.5,BP,71,0.5091150999069214,b,Adam
0.5,BP,72,0.5741391181945801,c+d,Adam
0.5,BP,73,0.5741391181945801,c+d,Adam
0.5,BP,74,0.5091151595115662,b,Adam
0.5,BP,75,0.32508301734924316,g,Adam
0.5,BP,76,0.5741390585899353,c+d,Adam
0.5,BP,77,0.5741391181945801,c+d,Adam
0.5,BP,78,0.5091151595115662,b,Adam
0.5,BP,79,0.32508301734924316,g,Adam
0.5,BP,80,0.5091150999069214,b,Adam
0.5,BP,81,0.32508301734924316,g,Adam
0.5,BP,82,0.3250829875469208,g,Adam
0.5,BP,83,0.32508301734924316,g,Adam
0.5,BP,84,0.5091151595115662,b,Adam
0.5,BP,85,0.5091151595115662,b,Adam
0.5,BP,86,0.3250829875469208,g,Adam
0.5,BP,87,0.5091187357902527,b,Adam
0.5,BP,88,0.3250831961631775,g,Adam
0.5,BP,89,0.5741396546363831,c+d,Adam
0.5,BP,90,0.32508301734924316,g,Adam
0.5,BP,91,0.32508301734924316,g,Adam
0.5,BP,92,0.5091150999069214,b,Adam
0.5,BP,93,0.5741393566131592,c+d,Adam
0.5,BP,94,0.3250829875469208,g,Adam
0.5,BP,95,0.5091151595115662,b,Adam
0.5,BP,96,0.3251032531261444,g,Adam
0.5,BP,97,0.5741395354270935,c+d,Adam
0.5,BP,98,0.5091150999069214,b,Adam
0.5,BP,99,0.5741391181945801,c+d,Adam
1.0,BP,0,0.325086772441864,g,Adam
1.0,BP,1,0.5091150999069214,b,Adam
1.0,BP,2,0.32508301734924316,g,Adam
1.0,BP,3,0.32508301734924316,g,Adam
1.0,BP,4,0.32508301734924316,g,Adam
1.0,BP,5,0.5091151595115662,b,Adam
1.0,BP,6,0.32508689165115356,g,Adam
1.0,BP,7,0.5091151595115662,b,Adam
1.0,BP,8,0.32508301734924316,g,Adam
1.0,BP,9,0.32508301734924316,g,Adam
1.0,BP,10,0.32508301734924316,g,Adam
1.0,BP,11,0.32508301734924316,g,Adam
1.0,BP,12,0.32508301734924316,g,Adam
1.0,BP,13,0.5091151595115662,b,Adam
1.0,BP,14,0.32508301734924316,g,Adam
1.0,BP,15,0.3250845670700073,g,Adam
1.0,BP,16,0.32508301734924316,g,Adam
1.0,BP,17,0.32508301734924316,g,Adam
1.0,BP,18,0.5741390585899353,c+d,Adam
1.0,BP,19,0.32508301734924316,g,Adam
1.0,BP,20,0.5091150999069214,b,Adam
1.0,BP,21,0.3250829875469208,g,Adam
1.0,BP,22,0.32508301734924316,g,Adam
1.0,BP,23,0.32508355379104614,g,Adam
1.0,BP,24,0.32508301734924316,g,Adam
1.0,BP,25,0.3250948190689087,g,Adam
1.0,BP,26,0.32508301734924316,g,Adam
1.0,BP,27,0.32508301734924316,g,Adam
1.0,BP,28,0.5091297626495361,b,Adam
1.0,BP,29,0.32508301734924316,g,Adam
1.0,BP,30,0.32508301734924316,g,Adam
1.0,BP,31,0.32508301734924316,g,Adam
1.0,BP,32,0.5091151595115662,b,Adam
1.0,BP,33,0.32508301734924316,g,Adam
1.0,BP,34,0.32508301734924316,g,Adam
1.0,BP,35,0.32508301734924316,g,Adam
1.0,BP,36,0.32508301734924316,g,Adam
1.0,BP,37,0.5091151595115662,b,Adam
1.0,BP,38,0.5091151595115662,b,Adam
1.0,BP,39,0.3250829875469208,g,Adam
1.0,BP,40,0.5091150999069214,b,Adam
1.0,BP,41,0.32508301734924316,g,Adam
1.0,BP,42,0.509345293045044,b,Adam
1.0,BP,43,0.5741390585899353,c+d,Adam
1.0,BP,44,0.32508301734924316,g,Adam
1.0,BP,45,0.5741391181945801,c+d,Adam
1.0,BP,46,0.32508301734924316,g,Adam
1.0,BP,47,0.5091150999069214,b,Adam
1.0,BP,48,0.5091279745101929,b,Adam
1.0,BP,49,0.5091151595115662,b,Adam
1.0,BP,50,0.32508301734924316,g,Adam
1.0,BP,51,0.3250829875469208,g,Adam
1.0,BP,52,0.5091244578361511,b,Adam
1.0,BP,53,0.32508301734924316,g,Adam
1.0,BP,54,0.32508301734924316,g,Adam
1.0,BP,55,0.32508301734924316,g,Adam
1.0,BP,56,0.32508301734924316,g,Adam
1.0,BP,57,0.32508301734924316,g,Adam
1.0,BP,58,0.32508301734924316,g,Adam
1.0,BP,59,0.32508301734924316,g,Adam
1.0,BP,60,0.5091150999069214,b,Adam
1.0,BP,61,0.3250829875469208,g,Adam
1.0,BP,62,0.32508301734924316,g,Adam
1.0,BP,63,0.32508301734924316,g,Adam
1.0,BP,64,0.5091151595115662,b,Adam
1.0,BP,65,0.32508301734924316,g,Adam
1.0,BP,66,0.32508301734924316,g,Adam
1.0,BP,67,0.5091151595115662,b,Adam
1.0,BP,68,0.32508301734924316,g,Adam
1.0,BP,69,0.32508301734924316,g,Adam
1.0,BP,70,0.32509559392929077,g,Adam
1.0,BP,71,0.5741969347000122,c+d,Adam
1.0,BP,72,0.32508301734924316,g,Adam
1.0,BP,73,0.5741390585899353,c+d,Adam
1.0,BP,74,0.5091152191162109,b,Adam
1.0,BP,75,0.32508301734924316,g,Adam
1.0,BP,76,0.32508301734924316,g,Adam
1.0,BP,77,0.5091152191162109,b,Adam
1.0,BP,78,0.32508301734924316,g,Adam
1.0,BP,79,0.5091150999069214,b,Adam
1.0,BP,80,0.3250829875469208,g,Adam
1.0,BP,81,0.32508301734924316,g,Adam
1.0,BP,82,0.5091151595115662,b,Adam
1.0,BP,83,0.3250829875469208,g,Adam
1.0,BP,84,0.5091151595115662,b,Adam
1.0,BP,85,0.5091177821159363,b,Adam
1.0,BP,86,0.32508301734924316,g,Adam
1.0,BP,87,0.5091151595115662,b,Adam
1.0,BP,88,0.32508301734924316,g,Adam
1.0,BP,89,0.5741790533065796,c+d,Adam
1.0,BP,90,0.32508301734924316,g,Adam
1.0,BP,91,0.32508301734924316,g,Adam
1.0,BP,92,0.32508301734924316,g,Adam
1.0,BP,93,0.32508301734924316,g,Adam
1.0,BP,94,0.5091150999069214,b,Adam
1.0,BP,95,0.5091156959533691,b,Adam
1.0,BP,96,0.32508301734924316,g,Adam
1.0,BP,97,0.5091150999069214,b,Adam
1.0,BP,98,0.5091150999069214,b,Adam
1.0,BP,99,0.32508301734924316,g,Adam
3.0,BP,0,0.5091151595115662,b,Adam
3.0,BP,1,0.32508301734924316,g,Adam
3.0,BP,2,0.32508301734924316,g,Adam
3.0,BP,3,0.32508301734924316,g,Adam
3.0,BP,4,0.32508301734924316,g,Adam
3.0,BP,5,0.5091152787208557,b,Adam
3.0,BP,6,0.5091152191162109,b,Adam
3.0,BP,7,0.5091153383255005,b,Adam
3.0,BP,8,0.32508301734924316,g,Adam
3.0,BP,9,0.32508301734924316,g,Adam
3.0,BP,10,0.32508301734924316,g,Adam
3.0,BP,11,0.32508301734924316,g,Adam
3.0,BP,12,0.32508301734924316,g,Adam
3.0,BP,13,0.5091151595115662,b,Adam
3.0,BP,14,0.5741396546363831,c+d,Adam
3.0,BP,15,0.32508301734924316,g,Adam
3.0,BP,16,0.5091159343719482,b,Adam
3.0,BP,17,0.32508301734924316,g,Adam
3.0,BP,18,0.5741391777992249,c+d,Adam
3.0,BP,19,0.3250880241394043,g,Adam
3.0,BP,20,0.3250829875469208,g,Adam
3.0,BP,21,0.3250831961631775,g,Adam
3.0,BP,22,0.32508301734924316,g,Adam
3.0,BP,23,0.5091151595115662,b,Adam
3.0,BP,24,0.32508301734924316,g,Adam
3.0,BP,25,0.32508301734924316,g,Adam
3.0,BP,26,0.32508301734924316,g,Adam
3.0,BP,27,0.32508301734924316,g,Adam
3.0,BP,28,0.5091152787208557,b,Adam
3.0,BP,29,0.32508301734924316,g,Adam
3.0,BP,30,0.3250911831855774,g,Adam
3.0,BP,31,0.5091155767440796,b,Adam
3.0,BP,32,0.5091152191162109,b,Adam
3.0,BP,33,0.32508301734924316,g,Adam
3.0,BP,34,0.5091151595115662,b,Adam
3.0,BP,35,0.3250829875469208,g,Adam
3.0,BP,36,0.32508301734924316,g,Adam
3.0,BP,37,0.5091153383255005,b,Adam
3.0,BP,38,0.5091150999069214,b,Adam
3.0,BP,39,0.32508301734924316,g,Adam
3.0,BP,40,0.5091151595115662,b,Adam
3.0,BP,41,0.32508301734924316,g,Adam
3.0,BP,42,0.5091151595115662,b,Adam
3.0,BP,43,0.5741391181945801,c+d,Adam
3.0,BP,44,0.32508301734924316,g,Adam
3.0,BP,45,0.3250829875469208,g,Adam
3.0,BP,46,0.5091204643249512,b,Adam
3.0,BP,47,0.5091152191162109,b,Adam
3.0,BP,48,0.5091151595115662,b,Adam
3.0,BP,49,0.5091152191162109,b,Adam
3.0,BP,50,0.5091316103935242,b,Adam
3.0,BP,51,0.5091161131858826,b,Adam
3.0,BP,52,0.3250829875469208,g,Adam
3.0,BP,53,0.5741391181945801,c+d,Adam
3.0,BP,54,0.32508358359336853,g,Adam
3.0,BP,55,0.32508301734924316,g,Adam
3.0,BP,56,0.32508301734924316,g,Adam
3.0,BP,57,0.3251912295818329,g,Adam
3.0,BP,58,0.32508301734924316,g,Adam
3.0,BP,59,0.32508301734924316,g,Adam
3.0,BP,60,0.5091164112091064,b,Adam
3.0,BP,61,0.32510197162628174,g,Adam
3.0,BP,62,0.5091152191162109,b,Adam
3.0,BP,63,0.5091151595115662,b,Adam
3.0,BP,64,0.5091150999069214,b,Adam
3.0,BP,65,0.32508301734924316,g,Adam
3.0,BP,66,0.5091153383255005,b,Adam
3.0,BP,67,0.5091152191162109,b,Adam
3.0,BP,68,0.5092663168907166,b,Adam
3.0,BP,69,0.32508301734924316,g,Adam
3.0,BP,70,0.3250831067562103,g,Adam
3.0,BP,71,0.5742295384407043,c+d,Adam
3.0,BP,72,0.32508301734924316,g,Adam
3.0,BP,73,0.5091151595115662,b,Adam
3.0,BP,74,0.509116530418396,b,Adam
3.0,BP,75,0.32508301734924316,g,Adam
3.0,BP,76,0.5091187953948975,b,Adam
3.0,BP,77,0.32508301734924316,g,Adam
3.0,BP,78,0.32508301734924316,g,Adam
3.0,BP,79,0.5091151595115662,b,Adam
3.0,BP,80,0.32508301734924316,g,Adam
3.0,BP,81,0.32508301734924316,g,Adam
3.0,BP,82,0.5091152191162109,b,Adam
3.0,BP,83,0.32508301734924316,g,Adam
3.0,BP,84,0.32508301734924316,g,Adam
3.0,BP,85,0.5091153383255005,b,Adam
3.0,BP,86,0.3251163959503174,g,Adam
3.0,BP,87,0.5091152191162109,b,Adam
3.0,BP,88,0.32508301734924316,g,Adam
3.0,BP,89,0.5091318488121033,b,Adam
3.0,BP,90,0.32508301734924316,g,Adam
3.0,BP,91,0.32508301734924316,g,Adam
3.0,BP,92,0.32508301734924316,g,Adam
3.0,BP,93,0.3250829875469208,g,Adam
3.0,BP,94,0.5091150999069214,b,Adam
3.0,BP,95,0.5741403102874756,c+d,Adam
3.0,BP,96,0.32508301734924316,g,Adam
3.0,BP,97,0.32508301734924316,g,Adam
3.0,BP,98,0.5091151595115662,b,Adam
3.0,BP,99,0.5091151595115662,b,Adam
0.2,CBP,0,0.32508301734924316,g,Momentum
0.2,CBP,1,0.32508301734924316,g,Momentum
0.2,CBP,2,0.3250829577445984,g,Momentum
0.2,CBP,3,0.32508301734924316,g,Momentum
0.2,CBP,4,0.32508301734924316,g,Momentum
0.2,CBP,5,0.3250829875469208,g,Momentum
0.2,CBP,6,0.32508301734924316,g,Momentum
0.2,CBP,7,0.32508301734924316,g,Momentum
0.2,CBP,8,0.3250829875469208,g,Momentum
0.2,CBP,9,0.3250829577445984,g,Momentum
0.2,CBP,10,0.32508301734924316,g,Momentum
0.2,CBP,11,0.32508301734924316,g,Momentum
0.2,CBP,12,0.32508301734924316,g,Momentum
0.2,CBP,13,0.32508301734924316,g,Momentum
0.2,CBP,14,0.32508301734924316,g,Momentum
0.2,CBP,15,0.32508301734924316,g,Momentum
0.2,CBP,16,0.3250829577445984,g,Momentum
0.2,CBP,17,0.32508301734924316,g,Momentum
0.2,CBP,18,0.3250829875469208,g,Momentum
0.2,CBP,19,0.32508301734924316,g,Momentum
0.2,CBP,20,0.32508301734924316,g,Momentum
0.2,CBP,21,0.32508301734924316,g,Momentum
0.2,CBP,22,0.32508301734924316,g,Momentum
0.2,CBP,23,0.3250829577445984,g,Momentum
0.2,CBP,24,0.3250829577445984,g,Momentum
0.2,CBP,25,0.32508301734924316,g,Momentum
0.2,CBP,26,0.32508301734924316,g,Momentum
0.2,CBP,27,0.32508301734924316,g,Momentum
0.2,CBP,28,0.32508301734924316,g,Momentum
0.2,CBP,29,0.3250829875469208,g,Momentum
0.2,CBP,30,0.3250829577445984,g,Momentum
0.2,CBP,31,0.3250829577445984,g,Momentum
0.2,CBP,32,0.3250829875469208,g,Momentum
0.2,CBP,33,0.32508301734924316,g,Momentum
0.2,CBP,34,0.3250829875469208,g,Momentum
0.2,CBP,35,0.32508301734924316,g,Momentum
0.2,CBP,36,0.3250829875469208,g,Momentum
0.2,CBP,37,0.32508301734924316,g,Momentum
0.2,CBP,38,0.3250829577445984,g,Momentum
0.2,CBP,39,0.3250829875469208,g,Momentum
0.2,CBP,40,0.32508301734924316,g,Momentum
0.2,CBP,41,0.32508301734924316,g,Momentum
0.2,CBP,42,0.3250829875469208,g,Momentum
0.2,CBP,43,0.3250829577445984,g,Momentum
0.2,CBP,44,0.32508301734924316,g,Momentum
0.2,CBP,45,0.32508301734924316,g,Momentum
0.2,CBP,46,0.32508301734924316,g,Momentum
0.2,CBP,47,0.32508301734924316,g,Momentum
0.2,CBP,48,0.32508301734924316,g,Momentum
0.2,CBP,49,0.32508301734924316,g,Momentum
0.2,CBP,50,0.3250829577445984,g,Momentum
0.2,CBP,51,0.32508301734924316,g,Momentum
0.2,CBP,52,0.3250829875469208,g,Momentum
0.2,CBP,53,0.32508301734924316,g,Momentum
0.2,CBP,54,0.32508301734924316,g,Momentum
0.2,CBP,55,0.3250829875469208,g,Momentum
0.2,CBP,56,0.3250829875469208,g,Momentum
0.2,CBP,57,0.3250829875469208,g,Momentum
0.2,CBP,58,0.3250829577445984,g,Momentum
0.2,CBP,59,0.32508301734924316,g,Momentum
0.2,CBP,60,0.3250829577445984,g,Momentum
0.2,CBP,61,0.3250829875469208,g,Momentum
0.2,CBP,62,0.32508301734924316,g,Momentum
0.2,CBP,63,0.32508301734924316,g,Momentum
0.2,CBP,64,0.3250829875469208,g,Momentum
0.2,CBP,65,0.3250829875469208,g,Momentum
0.2,CBP,66,0.3250829875469208,g,Momentum
0.2,CBP,67,0.3250829875469208,g,Momentum
0.2,CBP,68,0.32508301734924316,g,Momentum
0.2,CBP,69,0.32508301734924316,g,Momentum
0.2,CBP,70,0.32508301734924316,g,Momentum
0.2,CBP,71,0.32508301734924316,g,Momentum
0.2,CBP,72,0.32508301734924316,g,Momentum
0.2,CBP,73,0.3250829577445984,g,Momentum
0.2,CBP,74,0.3250829577445984,g,Momentum
0.2,CBP,75,0.3250829875469208,g,Momentum
0.2,CBP,76,0.32508301734924316,g,Momentum
0.2,CBP,77,0.3250829875469208,g,Momentum
0.2,CBP,78,0.32508301734924316,g,Momentum
0.2,CBP,79,0.32508301734924316,g,Momentum
0.2,CBP,80,0.32508301734924316,g,Momentum
0.2,CBP,81,0.32508301734924316,g,Momentum
0.2,CBP,82,0.32508301734924316,g,Momentum
0.2,CBP,83,0.32508301734924316,g,Momentum
0.2,CBP,84,0.32508301734924316,g,Momentum
0.2,CBP,85,0.32508301734924316,g,Momentum
0.2,CBP,86,0.3250829577445984,g,Momentum
0.2,CBP,87,0.32508301734924316,g,Momentum
0.2,CBP,88,0.32508301734924316,g,Momentum
0.2,CBP,89,0.32508301734924316,g,Momentum
0.2,CBP,90,0.32508301734924316,g,Momentum
0.2,CBP,91,0.3250829875469208,g,Momentum
0.2,CBP,92,0.32508301734924316,g,Momentum
0.2,CBP,93,0.3250829875469208,g,Momentum
0.2,CBP,94,0.3250829875469208,g,Momentum
0.2,CBP,95,0.3250829875469208,g,Momentum
0.2,CBP,96,0.3250829577445984,g,Momentum
0.2,CBP,97,0.32508301734924316,g,Momentum
0.2,CBP,98,0.32508301734924316,g,Momentum
0.2,CBP,99,0.3250829577445984,g,Momentum
0.5,CBP,0,0.3250829875469208,g,Momentum
0.5,CBP,1,0.3250829577445984,g,Momentum
0.5,CBP,2,0.3250829875469208,g,Momentum
0.5,CBP,3,0.3250829875469208,g,Momentum
0.5,CBP,4,0.3250829577445984,g,Momentum
0.5,CBP,5,0.3250829577445984,g,Momentum
0.5,CBP,6,0.3250829577445984,g,Momentum
0.5,CBP,7,0.3250829577445984,g,Momentum
0.5,CBP,8,0.32508301734924316,g,Momentum
0.5,CBP,9,0.32508301734924316,g,Momentum
0.5,CBP,10,0.32508301734924316,g,Momentum
0.5,CBP,11,0.3250829875469208,g,Momentum
0.5,CBP,12,0.32508301734924316,g,Momentum
0.5,CBP,13,0.32508301734924316,g,Momentum
0.5,CBP,14,0.32508301734924316,g,Momentum
0.5,CBP,15,0.32508301734924316,g,Momentum
0.5,CBP,16,0.32508301734924316,g,Momentum
0.5,CBP,17,0.32508301734924316,g,Momentum
0.5,CBP,18,0.3250829875469208,g,Momentum
0.5,CBP,19,0.3250829875469208,g,Momentum
0.5,CBP,20,0.32508301734924316,g,Momentum
0.5,CBP,21,0.3250829875469208,g,Momentum
0.5,CBP,22,0.3250829875469208,g,Momentum
0.5,CBP,23,0.32508301734924316,g,Momentum
0.5,CBP,24,0.32508301734924316,g,Momentum
0.5,CBP,25,0.3250829577445984,g,Momentum
0.5,CBP,26,0.32508301734924316,g,Momentum
0.5,CBP,27,0.32508301734924316,g,Momentum
0.5,CBP,28,0.3250829875469208,g,Momentum
0.5,CBP,29,0.32508301734924316,g,Momentum
0.5,CBP,30,0.32508301734924316,g,Momentum
0.5,CBP,31,0.3250829875469208,g,Momentum
0.5,CBP,32,0.32508301734924316,g,Momentum
0.5,CBP,33,0.3250829577445984,g,Momentum
0.5,CBP,34,0.32508301734924316,g,Momentum
0.5,CBP,35,0.3250829577445984,g,Momentum
0.5,CBP,36,0.3250829577445984,g,Momentum
0.5,CBP,37,0.32508301734924316,g,Momentum
0.5,CBP,38,0.3250829577445984,g,Momentum
0.5,CBP,39,0.3250829875469208,g,Momentum
0.5,CBP,40,0.3250829577445984,g,Momentum
0.5,CBP,41,0.32508301734924316,g,Momentum
0.5,CBP,42,0.32508301734924316,g,Momentum
0.5,CBP,43,0.32508301734924316,g,Momentum
0.5,CBP,44,0.3250829875469208,g,Momentum
0.5,CBP,45,0.32508301734924316,g,Momentum
0.5,CBP,46,0.32508301734924316,g,Momentum
0.5,CBP,47,0.3250829577445984,g,Momentum
0.5,CBP,48,0.32508301734924316,g,Momentum
0.5,CBP,49,0.32508301734924316,g,Momentum
0.5,CBP,50,0.32508301734924316,g,Momentum
0.5,CBP,51,0.3250829577445984,g,Momentum
0.5,CBP,52,0.3250829875469208,g,Momentum
0.5,CBP,53,0.32508301734924316,g,Momentum
0.5,CBP,54,0.32508301734924316,g,Momentum
0.5,CBP,55,0.3250829875469208,g,Momentum
0.5,CBP,56,0.32508301734924316,g,Momentum
0.5,CBP,57,0.32508301734924316,g,Momentum
0.5,CBP,58,0.3250829875469208,g,Momentum
0.5,CBP,59,0.32508301734924316,g,Momentum
0.5,CBP,60,0.32508301734924316,g,Momentum
0.5,CBP,61,0.32508301734924316,g,Momentum
0.5,CBP,62,0.32508301734924316,g,Momentum
0.5,CBP,63,0.3250829875469208,g,Momentum
0.5,CBP,64,0.3250829577445984,g,Momentum
0.5,CBP,65,0.32508301734924316,g,Momentum
0.5,CBP,66,0.32508301734924316,g,Momentum
0.5,CBP,67,0.3250829875469208,g,Momentum
0.5,CBP,68,0.32508301734924316,g,Momentum
0.5,CBP,69,0.3250829875469208,g,Momentum
0.5,CBP,70,0.3250829875469208,g,Momentum
0.5,CBP,71,0.3250829875469208,g,Momentum
0.5,CBP,72,0.32508301734924316,g,Momentum
0.5,CBP,73,0.3250829577445984,g,Momentum
0.5,CBP,74,0.3250829577445984,g,Momentum
0.5,CBP,75,0.3250829875469208,g,Momentum
0.5,CBP,76,0.32508301734924316,g,Momentum
0.5,CBP,77,0.3250829875469208,g,Momentum
0.5,CBP,78,0.32508301734924316,g,Momentum
0.5,CBP,79,0.32508301734924316,g,Momentum
0.5,CBP,80,0.32508301734924316,g,Momentum
0.5,CBP,81,0.32508301734924316,g,Momentum
0.5,CBP,82,0.32508301734924316,g,Momentum
0.5,CBP,83,0.3250829875469208,g,Momentum
0.5,CBP,84,0.3250829875469208,g,Momentum
0.5,CBP,85,0.32508301734924316,g,Momentum
0.5,CBP,86,0.32508301734924316,g,Momentum
0.5,CBP,87,0.3250829875469208,g,Momentum
0.5,CBP,88,0.3250829875469208,g,Momentum
0.5,CBP,89,0.3250829875469208,g,Momentum
0.5,CBP,90,0.3250829875469208,g,Momentum
0.5,CBP,91,0.3250829875469208,g,Momentum
0.5,CBP,92,0.3250829577445984,g,Momentum
0.5,CBP,93,0.32508301734924316,g,Momentum
0.5,CBP,94,0.3250829875469208,g,Momentum
0.5,CBP,95,0.3250829875469208,g,Momentum
0.5,CBP,96,0.3250829875469208,g,Momentum
0.5,CBP,97,0.3250829875469208,g,Momentum
0.5,CBP,98,0.32508301734924316,g,Momentum
0.5,CBP,99,0.32508301734924316,g,Momentum
1.0,CBP,0,0.32508301734924316,g,Momentum
1.0,CBP,1,0.32508301734924316,g,Momentum
1.0,CBP,2,0.3250829577445984,g,Momentum
1.0,CBP,3,0.3250829875469208,g,Momentum
1.0,CBP,4,0.32508301734924316,g,Momentum
1.0,CBP,5,0.3250829577445984,g,Momentum
1.0,CBP,6,0.3250829577445984,g,Momentum
1.0,CBP,7,0.32508301734924316,g,Momentum
1.0,CBP,8,0.3250829875469208,g,Momentum
1.0,CBP,9,0.3250829875469208,g,Momentum
1.0,CBP,10,0.32508301734924316,g,Momentum
1.0,CBP,11,0.32508301734924316,g,Momentum
1.0,CBP,12,0.32508301734924316,g,Momentum
1.0,CBP,13,0.3250829875469208,g,Momentum
1.0,CBP,14,0.3250829577445984,g,Momentum
1.0,CBP,15,0.3250829875469208,g,Momentum
1.0,CBP,16,0.32508301734924316,g,Momentum
1.0,CBP,17,0.32508301734924316,g,Momentum
1.0,CBP,18,0.3250829875469208,g,Momentum
1.0,CBP,19,0.32508301734924316,g,Momentum
1.0,CBP,20,0.32508301734924316,g,Momentum
1.0,CBP,21,0.3250829875469208,g,Momentum
1.0,CBP,22,0.3250829875469208,g,Momentum
1.0,CBP,23,0.32508301734924316,g,Momentum
1.0,CBP,24,0.3250829577445984,g,Momentum
1.0,CBP,25,0.32508301734924316,g,Momentum
1.0,CBP,26,0.32508301734924316,g,Momentum
1.0,CBP,27,0.32508301734924316,g,Momentum
1.0,CBP,28,0.32508301734924316,g,Momentum
1.0,CBP,29,0.3250829875469208,g,Momentum
1.0,CBP,30,0.32508301734924316,g,Momentum
1.0,CBP,31,0.3250829875469208,g,Momentum
1.0,CBP,32,0.32508301734924316,g,Momentum
1.0,CBP,33,0.32508301734924316,g,Momentum
1.0,CBP,34,0.3250829577445984,g,Momentum
1.0,CBP,35,0.32508301734924316,g,Momentum
1.0,CBP,36,0.32508301734924316,g,Momentum
1.0,CBP,37,0.3250829875469208,g,Momentum
1.0,CBP,38,0.32508301734924316,g,Momentum
1.0,CBP,39,0.32508301734924316,g,Momentum
1.0,CBP,40,0.32508301734924316,g,Momentum
1.0,CBP,41,0.32508301734924316,g,Momentum
1.0,CBP,42,0.32508301734924316,g,Momentum
1.0,CBP,43,0.3250829875469208,g,Momentum
1.0,CBP,44,0.3250829577445984,g,Momentum
1.0,CBP,45,0.32508301734924316,g,Momentum
1.0,CBP,46,0.3250829875469208,g,Momentum
1.0,CBP,47,0.3250829875469208,g,Momentum
1.0,CBP,48,0.3250829875469208,g,Momentum
1.0,CBP,49,0.32508301734924316,g,Momentum
1.0,CBP,50,0.32508301734924316,g,Momentum
1.0,CBP,51,0.32508301734924316,g,Momentum
1.0,CBP,52,0.32508301734924316,g,Momentum
1.0,CBP,53,0.32508301734924316,g,Momentum
1.0,CBP,54,0.3250829875469208,g,Momentum
1.0,CBP,55,0.32508301734924316,g,Momentum
1.0,CBP,56,0.3250829577445984,g,Momentum
1.0,CBP,57,0.32508301734924316,g,Momentum
1.0,CBP,58,0.3250829875469208,g,Momentum
1.0,CBP,59,0.3250829875469208,g,Momentum
1.0,CBP,60,0.3250829875469208,g,Momentum
1.0,CBP,61,0.32508301734924316,g,Momentum
1.0,CBP,62,0.3250829875469208,g,Momentum
1.0,CBP,63,0.3250829875469208,g,Momentum
1.0,CBP,64,0.3250829875469208,g,Momentum
1.0,CBP,65,0.32508301734924316,g,Momentum
1.0,CBP,66,0.32508301734924316,g,Momentum
1.0,CBP,67,0.3250829875469208,g,Momentum
1.0,CBP,68,0.3250829875469208,g,Momentum
1.0,CBP,69,0.32508301734924316,g,Momentum
1.0,CBP,70,0.32508301734924316,g,Momentum
1.0,CBP,71,0.32508301734924316,g,Momentum
1.0,CBP,72,0.32508301734924316,g,Momentum
1.0,CBP,73,0.3250829577445984,g,Momentum
1.0,CBP,74,0.3250829875469208,g,Momentum
1.0,CBP,75,0.3250829875469208,g,Momentum
1.0,CBP,76,0.32508301734924316,g,Momentum
1.0,CBP,77,0.3250829875469208,g,Momentum
1.0,CBP,78,0.32508301734924316,g,Momentum
1.0,CBP,79,0.3250829875469208,g,Momentum
1.0,CBP,80,0.3250829875469208,g,Momentum
1.0,CBP,81,0.3250829577445984,g,Momentum
1.0,CBP,82,0.32508301734924316,g,Momentum
1.0,CBP,83,0.3250829875469208,g,Momentum
1.0,CBP,84,0.3250829875469208,g,Momentum
1.0,CBP,85,0.32508301734924316,g,Momentum
1.0,CBP,86,0.32508301734924316,g,Momentum
1.0,CBP,87,0.32508301734924316,g,Momentum
1.0,CBP,88,0.3250829875469208,g,Momentum
1.0,CBP,89,0.3250829875469208,g,Momentum
1.0,CBP,90,0.32508301734924316,g,Momentum
1.0,CBP,91,0.3250829875469208,g,Momentum
1.0,CBP,92,0.32508301734924316,g,Momentum
1.0,CBP,93,0.3250829577445984,g,Momentum
1.0,CBP,94,0.3250829875469208,g,Momentum
1.0,CBP,95,0.32508301734924316,g,Momentum
1.0,CBP,96,0.3250829875469208,g,Momentum
1.0,CBP,97,0.32508301734924316,g,Momentum
1.0,CBP,98,0.32508301734924316,g,Momentum
1.0,CBP,99,0.3250829875469208,g,Momentum
3.0,CBP,0,0.3250829875469208,g,Momentum
3.0,CBP,1,0.32508301734924316,g,Momentum
3.0,CBP,2,0.32508301734924316,g,Momentum
3.0,CBP,3,0.32508301734924316,g,Momentum
3.0,CBP,4,0.3250829577445984,g,Momentum
3.0,CBP,5,0.3250829577445984,g,Momentum
3.0,CBP,6,0.32508301734924316,g,Momentum
3.0,CBP,7,0.3250829875469208,g,Momentum
3.0,CBP,8,0.32508301734924316,g,Momentum
3.0,CBP,9,0.32508301734924316,g,Momentum
3.0,CBP,10,0.32508301734924316,g,Momentum
3.0,CBP,11,0.3250829875469208,g,Momentum
3.0,CBP,12,0.3250829875469208,g,Momentum
3.0,CBP,13,0.3250829875469208,g,Momentum
3.0,CBP,14,0.3250829875469208,g,Momentum
3.0,CBP,15,0.3250829577445984,g,Momentum
3.0,CBP,16,0.3250829875469208,g,Momentum
3.0,CBP,17,0.32508301734924316,g,Momentum
3.0,CBP,18,0.3250829875469208,g,Momentum
3.0,CBP,19,0.3250829875469208,g,Momentum
3.0,CBP,20,0.32508301734924316,g,Momentum
3.0,CBP,21,0.32508301734924316,g,Momentum
3.0,CBP,22,0.32508301734924316,g,Momentum
3.0,CBP,23,0.32508301734924316,g,Momentum
3.0,CBP,24,0.32508301734924316,g,Momentum
3.0,CBP,25,0.3250829875469208,g,Momentum
3.0,CBP,26,0.3250829875469208,g,Momentum
3.0,CBP,27,0.32508301734924316,g,Momentum
3.0,CBP,28,0.32508301734924316,g,Momentum
3.0,CBP,29,0.3250829577445984,g,Momentum
3.0,CBP,30,0.32508301734924316,g,Momentum
3.0,CBP,31,0.32508301734924316,g,Momentum
3.0,CBP,32,0.32508301734924316,g,Momentum
3.0,CBP,33,0.32508301734924316,g,Momentum
3.0,CBP,34,0.3250829577445984,g,Momentum
3.0,CBP,35,0.32508301734924316,g,Momentum
3.0,CBP,36,0.32508301734924316,g,Momentum
3.0,CBP,37,0.32508301734924316,g,Momentum
3.0,CBP,38,0.32508301734924316,g,Momentum
3.0,CBP,39,0.3250829875469208,g,Momentum
3.0,CBP,40,0.32508301734924316,g,Momentum
3.0,CBP,41,0.3250829577445984,g,Momentum
3.0,CBP,42,0.32508301734924316,g,Momentum
3.0,CBP,43,0.3250829875469208,g,Momentum
3.0,CBP,44,0.3250829875469208,g,Momentum
3.0,CBP,45,0.3250829875469208,g,Momentum
3.0,CBP,46,0.32508301734924316,g,Momentum
3.0,CBP,47,0.3250829875469208,g,Momentum
3.0,CBP,48,0.32508301734924316,g,Momentum
3.0,CBP,49,0.3250829875469208,g,Momentum
3.0,CBP,50,0.32508301734924316,g,Momentum
3.0,CBP,51,0.3250829875469208,g,Momentum
3.0,CBP,52,0.3250829875469208,g,Momentum
3.0,CBP,53,0.3250829875469208,g,Momentum
3.0,CBP,54,0.32508301734924316,g,Momentum
3.0,CBP,55,0.32508301734924316,g,Momentum
3.0,CBP,56,0.3250829875469208,g,Momentum
3.0,CBP,57,0.3250829875469208,g,Momentum
3.0,CBP,58,0.3250829875469208,g,Momentum
3.0,CBP,59,0.32508301734924316,g,Momentum
3.0,CBP,60,0.3250829577445984,g,Momentum
3.0,CBP,61,0.3250829875469208,g,Momentum
3.0,CBP,62,0.32508301734924316,g,Momentum
3.0,CBP,63,0.32508301734924316,g,Momentum
3.0,CBP,64,0.3250829577445984,g,Momentum
3.0,CBP,65,0.3250829875469208,g,Momentum
3.0,CBP,66,0.32508301734924316,g,Momentum
3.0,CBP,67,0.32508301734924316,g,Momentum
3.0,CBP,68,0.3250829875469208,g,Momentum
3.0,CBP,69,0.32508301734924316,g,Momentum
3.0,CBP,70,0.32508301734924316,g,Momentum
3.0,CBP,71,0.3250829875469208,g,Momentum
3.0,CBP,72,0.3250829577445984,g,Momentum
3.0,CBP,73,0.3250829875469208,g,Momentum
3.0,CBP,74,0.32508301734924316,g,Momentum
3.0,CBP,75,0.32508301734924316,g,Momentum
3.0,CBP,76,0.32508301734924316,g,Momentum
3.0,CBP,77,0.32508301734924316,g,Momentum
3.0,CBP,78,0.32508301734924316,g,Momentum
3.0,CBP,79,0.3250829875469208,g,Momentum
3.0,CBP,80,0.3250829875469208,g,Momentum
3.0,CBP,81,0.3250829577445984,g,Momentum
3.0,CBP,82,0.3250829875469208,g,Momentum
3.0,CBP,83,0.3250829875469208,g,Momentum
3.0,CBP,84,0.3250829875469208,g,Momentum
3.0,CBP,85,0.3250829875469208,g,Momentum
3.0,CBP,86,0.32508301734924316,g,Momentum
3.0,CBP,87,0.32508301734924316,g,Momentum
3.0,CBP,88,0.32508301734924316,g,Momentum
3.0,CBP,89,0.3250829875469208,g,Momentum
3.0,CBP,90,0.32508301734924316,g,Momentum
3.0,CBP,91,0.3250829875469208,g,Momentum
3.0,CBP,92,0.32508301734924316,g,Momentum
3.0,CBP,93,0.3250829577445984,g,Momentum
3.0,CBP,94,0.3250829875469208,g,Momentum
3.0,CBP,95,0.3250829875469208,g,Momentum
3.0,CBP,96,0.3250829875469208,g,Momentum
3.0,CBP,97,0.3250829875469208,g,Momentum
3.0,CBP,98,0.3250829875469208,g,Momentum
3.0,CBP,99,0.3250829875469208,g,Momentum
0.2,CBP,0,0.32508301734924316,g,Adam
0.2,CBP,1,0.32508301734924316,g,Adam
0.2,CBP,2,0.3250829577445984,g,Adam
0.2,CBP,3,0.32508301734924316,g,Adam
0.2,CBP,4,0.32508301734924316,g,Adam
0.2,CBP,5,0.3250829875469208,g,Adam
0.2,CBP,6,0.32508301734924316,g,Adam
0.2,CBP,7,0.32508301734924316,g,Adam
0.2,CBP,8,0.3250829875469208,g,Adam
0.2,CBP,9,0.3250829577445984,g,Adam
0.2,CBP,10,0.32508301734924316,g,Adam
0.2,CBP,11,0.32508301734924316,g,Adam
0.2,CBP,12,0.32508301734924316,g,Adam
0.2,CBP,13,0.32508301734924316,g,Adam
0.2,CBP,14,0.32508301734924316,g,Adam
0.2,CBP,15,0.32508301734924316,g,Adam
0.2,CBP,16,0.3250829577445984,g,Adam
0.2,CBP,17,0.32508301734924316,g,Adam
0.2,CBP,18,0.3250829875469208,g,Adam
0.2,CBP,19,0.32508301734924316,g,Adam
0.2,CBP,20,0.32508301734924316,g,Adam
0.2,CBP,21,0.32508301734924316,g,Adam
0.2,CBP,22,0.32508301734924316,g,Adam
0.2,CBP,23,0.3250829577445984,g,Adam
0.2,CBP,24,0.3250829577445984,g,Adam
0.2,CBP,25,0.32508301734924316,g,Adam
0.2,CBP,26,0.32508301734924316,g,Adam
0.2,CBP,27,0.32508301734924316,g,Adam
0.2,CBP,28,0.32508301734924316,g,Adam
0.2,CBP,29,0.3250829875469208,g,Adam
0.2,CBP,30,0.3250829577445984,g,Adam
0.2,CBP,31,0.3250829577445984,g,Adam
0.2,CBP,32,0.3250829875469208,g,Adam
0.2,CBP,33,0.32508301734924316,g,Adam
0.2,CBP,34,0.3250829875469208,g,Adam
0.2,CBP,35,0.32508301734924316,g,Adam
0.2,CBP,36,0.3250829875469208,g,Adam
0.2,CBP,37,0.32508301734924316,g,Adam
0.2,CBP,38,0.3250829577445984,g,Adam
0.2,CBP,39,0.3250829875469208,g,Adam
0.2,CBP,40,0.32508301734924316,g,Adam
0.2,CBP,41,0.32508301734924316,g,Adam
0.2,CBP,42,0.3250829875469208,g,Adam
0.2,CBP,43,0.3250829577445984,g,Adam
0.2,CBP,44,0.32508301734924316,g,Adam
0.2,CBP,45,0.32508301734924316,g,Adam
0.2,CBP,46,0.32508301734924316,g,Adam
0.2,CBP,47,0.32508301734924316,g,Adam
0.2,CBP,48,0.32508301734924316,g,Adam
0.2,CBP,49,0.32508301734924316,g,Adam
0.2,CBP,50,0.3250829577445984,g,Adam
0.2,CBP,51,0.32508301734924316,g,Adam
0.2,CBP,52,0.3250829875469208,g,Adam
0.2,CBP,53,0.32508301734924316,g,Adam
0.2,CBP,54,0.32508301734924316,g,Adam
0.2,CBP,55,0.3250829875469208,g,Adam
0.2,CBP,56,0.3250829875469208,g,Adam
0.2,CBP,57,0.3250829875469208,g,Adam
0.2,CBP,58,0.3250829577445984,g,Adam
0.2,CBP,59,0.32508301734924316,g,Adam
0.2,CBP,60,0.3250829577445984,g,Adam
0.2,CBP,61,0.3250829875469208,g,Adam
0.2,CBP,62,0.32508301734924316,g,Adam
0.2,CBP,63,0.32508301734924316,g,Adam
0.2,CBP,64,0.3250829875469208,g,Adam
0.2,CBP,65,0.3250829875469208,g,Adam
0.2,CBP,66,0.3250829875469208,g,Adam
0.2,CBP,67,0.3250829875469208,g,Adam
0.2,CBP,68,0.32508301734924316,g,Adam
0.2,CBP,69,0.32508301734924316,g,Adam
0.2,CBP,70,0.32508301734924316,g,Adam
0.2,CBP,71,0.32508301734924316,g,Adam
0.2,CBP,72,0.32508301734924316,g,Adam
0.2,CBP,73,0.3250829577445984,g,Adam
0.2,CBP,74,0.3250829577445984,g,Adam
0.2,CBP,75,0.3250829875469208,g,Adam
0.2,CBP,76,0.32508301734924316,g,Adam
0.2,CBP,77,0.3250829875469208,g,Adam
0.2,CBP,78,0.32508301734924316,g,Adam
0.2,CBP,79,0.32508301734924316,g,Adam
0.2,CBP,80,0.32508301734924316,g,Adam
0.2,CBP,81,0.32508301734924316,g,Adam
0.2,CBP,82,0.32508301734924316,g,Adam
0.2,CBP,83,0.32508301734924316,g,Adam
0.2,CBP,84,0.32508301734924316,g,Adam
0.2,CBP,85,0.32508301734924316,g,Adam
0.2,CBP,86,0.3250829577445984,g,Adam
0.2,CBP,87,0.32508301734924316,g,Adam
0.2,CBP,88,0.32508301734924316,g,Adam
0.2,CBP,89,0.32508301734924316,g,Adam
0.2,CBP,90,0.32508301734924316,g,Adam
0.2,CBP,91,0.3250829875469208,g,Adam
0.2,CBP,92,0.32508301734924316,g,Adam
0.2,CBP,93,0.3250829875469208,g,Adam
0.2,CBP,94,0.3250829875469208,g,Adam
0.2,CBP,95,0.3250829875469208,g,Adam
0.2,CBP,96,0.3250829577445984,g,Adam
0.2,CBP,97,0.32508301734924316,g,Adam
0.2,CBP,98,0.32508301734924316,g,Adam
0.2,CBP,99,0.3250829577445984,g,Adam
0.5,CBP,0,0.3250829875469208,g,Adam
0.5,CBP,1,0.3250829577445984,g,Adam
0.5,CBP,2,0.3250829875469208,g,Adam
0.5,CBP,3,0.3250829875469208,g,Adam
0.5,CBP,4,0.3250829577445984,g,Adam
0.5,CBP,5,0.3250829577445984,g,Adam
0.5,CBP,6,0.3250829577445984,g,Adam
0.5,CBP,7,0.3250829577445984,g,Adam
0.5,CBP,8,0.32508301734924316,g,Adam
0.5,CBP,9,0.32508301734924316,g,Adam
0.5,CBP,10,0.32508301734924316,g,Adam
0.5,CBP,11,0.3250829875469208,g,Adam
0.5,CBP,12,0.32508301734924316,g,Adam
0.5,CBP,13,0.32508301734924316,g,Adam
0.5,CBP,14,0.32508301734924316,g,Adam
0.5,CBP,15,0.32508301734924316,g,Adam
0.5,CBP,16,0.32508301734924316,g,Adam
0.5,CBP,17,0.32508301734924316,g,Adam
0.5,CBP,18,0.3250829875469208,g,Adam
0.5,CBP,19,0.3250829875469208,g,Adam
0.5,CBP,20,0.32508301734924316,g,Adam
0.5,CBP,21,0.3250829875469208,g,Adam
0.5,CBP,22,0.3250829875469208,g,Adam
0.5,CBP,23,0.32508301734924316,g,Adam
0.5,CBP,24,0.32508301734924316,g,Adam
0.5,CBP,25,0.3250829577445984,g,Adam
0.5,CBP,26,0.32508301734924316,g,Adam
0.5,CBP,27,0.32508301734924316,g,Adam
0.5,CBP,28,0.3250829875469208,g,Adam
0.5,CBP,29,0.32508301734924316,g,Adam
0.5,CBP,30,0.32508301734924316,g,Adam
0.5,CBP,31,0.3250829875469208,g,Adam
0.5,CBP,32,0.32508301734924316,g,Adam
0.5,CBP,33,0.3250829577445984,g,Adam
0.5,CBP,34,0.32508301734924316,g,Adam
0.5,CBP,35,0.3250829577445984,g,Adam
0.5,CBP,36,0.3250829577445984,g,Adam
0.5,CBP,37,0.32508301734924316,g,Adam
0.5,CBP,38,0.3250829577445984,g,Adam
0.5,CBP,39,0.3250829875469208,g,Adam
0.5,CBP,40,0.3250829577445984,g,Adam
0.5,CBP,41,0.32508301734924316,g,Adam
0.5,CBP,42,0.32508301734924316,g,Adam
0.5,CBP,43,0.32508301734924316,g,Adam
0.5,CBP,44,0.3250829875469208,g,Adam
0.5,CBP,45,0.32508301734924316,g,Adam
0.5,CBP,46,0.32508301734924316,g,Adam
0.5,CBP,47,0.3250829577445984,g,Adam
0.5,CBP,48,0.32508301734924316,g,Adam
0.5,CBP,49,0.32508301734924316,g,Adam
0.5,CBP,50,0.32508301734924316,g,Adam
0.5,CBP,51,0.3250829577445984,g,Adam
0.5,CBP,52,0.3250829875469208,g,Adam
0.5,CBP,53,0.32508301734924316,g,Adam
0.5,CBP,54,0.32508301734924316,g,Adam
0.5,CBP,55,0.3250829875469208,g,Adam
0.5,CBP,56,0.32508301734924316,g,Adam
0.5,CBP,57,0.32508301734924316,g,Adam
0.5,CBP,58,0.3250829875469208,g,Adam
0.5,CBP,59,0.32508301734924316,g,Adam
0.5,CBP,60,0.32508301734924316,g,Adam
0.5,CBP,61,0.32508301734924316,g,Adam
0.5,CBP,62,0.32508301734924316,g,Adam
0.5,CBP,63,0.3250829875469208,g,Adam
0.5,CBP,64,0.3250829577445984,g,Adam
0.5,CBP,65,0.32508301734924316,g,Adam
0.5,CBP,66,0.32508301734924316,g,Adam
0.5,CBP,67,0.3250829875469208,g,Adam
0.5,CBP,68,0.32508301734924316,g,Adam
0.5,CBP,69,0.3250829875469208,g,Adam
0.5,CBP,70,0.3250829875469208,g,Adam
0.5,CBP,71,0.3250829875469208,g,Adam
0.5,CBP,72,0.32508301734924316,g,Adam
0.5,CBP,73,0.3250829577445984,g,Adam
0.5,CBP,74,0.3250829577445984,g,Adam
0.5,CBP,75,0.3250829875469208,g,Adam
0.5,CBP,76,0.32508301734924316,g,Adam
0.5,CBP,77,0.3250829875469208,g,Adam
0.5,CBP,78,0.32508301734924316,g,Adam
0.5,CBP,79,0.32508301734924316,g,Adam
0.5,CBP,80,0.32508301734924316,g,Adam
0.5,CBP,81,0.32508301734924316,g,Adam
0.5,CBP,82,0.32508301734924316,g,Adam
0.5,CBP,83,0.3250829875469208,g,Adam
0.5,CBP,84,0.3250829875469208,g,Adam
0.5,CBP,85,0.32508301734924316,g,Adam
0.5,CBP,86,0.32508301734924316,g,Adam
0.5,CBP,87,0.3250829875469208,g,Adam
0.5,CBP,88,0.3250829875469208,g,Adam
0.5,CBP,89,0.3250829875469208,g,Adam
0.5,CBP,90,0.3250829875469208,g,Adam
0.5,CBP,91,0.3250829875469208,g,Adam
0.5,CBP,92,0.3250829577445984,g,Adam
0.5,CBP,93,0.32508301734924316,g,Adam
0.5,CBP,94,0.3250829875469208,g,Adam
0.5,CBP,95,0.3250829875469208,g,Adam
0.5,CBP,96,0.3250829875469208,g,Adam
0.5,CBP,97,0.3250829875469208,g,Adam
0.5,CBP,98,0.32508301734924316,g,Adam
0.5,CBP,99,0.32508301734924316,g,Adam
1.0,CBP,0,0.32508301734924316,g,Adam
1.0,CBP,1,0.32508301734924316,g,Adam
1.0,CBP,2,0.3250829577445984,g,Adam
1.0,CBP,3,0.3250829875469208,g,Adam
1.0,CBP,4,0.32508301734924316,g,Adam
1.0,CBP,5,0.3250829577445984,g,Adam
1.0,CBP,6,0.3250829577445984,g,Adam
1.0,CBP,7,0.32508301734924316,g,Adam
1.0,CBP,8,0.3250829875469208,g,Adam
1.0,CBP,9,0.3250829875469208,g,Adam
1.0,CBP,10,0.32508301734924316,g,Adam
1.0,CBP,11,0.32508301734924316,g,Adam
1.0,CBP,12,0.32508301734924316,g,Adam
1.0,CBP,13,0.3250829875469208,g,Adam
1.0,CBP,14,0.3250829577445984,g,Adam
1.0,CBP,15,0.3250829875469208,g,Adam
1.0,CBP,16,0.32508301734924316,g,Adam
1.0,CBP,17,0.32508301734924316,g,Adam
1.0,CBP,18,0.3250829875469208,g,Adam
1.0,CBP,19,0.32508301734924316,g,Adam
1.0,CBP,20,0.32508301734924316,g,Adam
1.0,CBP,21,0.3250829875469208,g,Adam
1.0,CBP,22,0.3250829875469208,g,Adam
1.0,CBP,23,0.32508301734924316,g,Adam
1.0,CBP,24,0.3250829577445984,g,Adam
1.0,CBP,25,0.32508301734924316,g,Adam
1.0,CBP,26,0.32508301734924316,g,Adam
1.0,CBP,27,0.32508301734924316,g,Adam
1.0,CBP,28,0.32508301734924316,g,Adam
1.0,CBP,29,0.3250829875469208,g,Adam
1.0,CBP,30,0.32508301734924316,g,Adam
1.0,CBP,31,0.3250829875469208,g,Adam
1.0,CBP,32,0.32508301734924316,g,Adam
1.0,CBP,33,0.32508301734924316,g,Adam
1.0,CBP,34,0.3250829577445984,g,Adam
1.0,CBP,35,0.32508301734924316,g,Adam
1.0,CBP,36,0.32508301734924316,g,Adam
1.0,CBP,37,0.3250829875469208,g,Adam
1.0,CBP,38,0.32508301734924316,g,Adam
1.0,CBP,39,0.32508301734924316,g,Adam
1.0,CBP,40,0.32508301734924316,g,Adam
1.0,CBP,41,0.32508301734924316,g,Adam
1.0,CBP,42,0.32508301734924316,g,Adam
1.0,CBP,43,0.3250829875469208,g,Adam
1.0,CBP,44,0.3250829577445984,g,Adam
1.0,CBP,45,0.32508301734924316,g,Adam
1.0,CBP,46,0.3250829875469208,g,Adam
1.0,CBP,47,0.3250829875469208,g,Adam
1.0,CBP,48,0.3250829875469208,g,Adam
1.0,CBP,49,0.32508301734924316,g,Adam
1.0,CBP,50,0.32508301734924316,g,Adam
1.0,CBP,51,0.32508301734924316,g,Adam
1.0,CBP,52,0.32508301734924316,g,Adam
1.0,CBP,53,0.32508301734924316,g,Adam
1.0,CBP,54,0.3250829875469208,g,Adam
1.0,CBP,55,0.32508301734924316,g,Adam
1.0,CBP,56,0.3250829577445984,g,Adam
1.0,CBP,57,0.32508301734924316,g,Adam
1.0,CBP,58,0.3250829875469208,g,Adam
1.0,CBP,59,0.3250829875469208,g,Adam
1.0,CBP,60,0.3250829875469208,g,Adam
1.0,CBP,61,0.32508301734924316,g,Adam
1.0,CBP,62,0.3250829875469208,g,Adam
1.0,CBP,63,0.3250829875469208,g,Adam
1.0,CBP,64,0.3250829875469208,g,Adam
1.0,CBP,65,0.32508301734924316,g,Adam
1.0,CBP,66,0.32508301734924316,g,Adam
1.0,CBP,67,0.3250829875469208,g,Adam
1.0,CBP,68,0.3250829875469208,g,Adam
1.0,CBP,69,0.32508301734924316,g,Adam
1.0,CBP,70,0.32508301734924316,g,Adam
1.0,CBP,71,0.32508301734924316,g,Adam
1.0,CBP,72,0.32508301734924316,g,Adam
1.0,CBP,73,0.3250829577445984,g,Adam
1.0,CBP,74,0.3250829875469208,g,Adam
1.0,CBP,75,0.3250829875469208,g,Adam
1.0,CBP,76,0.32508301734924316,g,Adam
1.0,CBP,77,0.3250829875469208,g,Adam
1.0,CBP,78,0.32508301734924316,g,Adam
1.0,CBP,79,0.3250829875469208,g,Adam
1.0,CBP,80,0.3250829875469208,g,Adam
1.0,CBP,81,0.3250829577445984,g,Adam
1.0,CBP,82,0.32508301734924316,g,Adam
1.0,CBP,83,0.3250829875469208,g,Adam
1.0,CBP,84,0.3250829875469208,g,Adam
1.0,CBP,85,0.32508301734924316,g,Adam
1.0,CBP,86,0.32508301734924316,g,Adam
1.0,CBP,87,0.32508301734924316,g,Adam
1.0,CBP,88,0.3250829875469208,g,Adam
1.0,CBP,89,0.3250829875469208,g,Adam
1.0,CBP,90,0.32508301734924316,g,Adam
1.0,CBP,91,0.3250829875469208,g,Adam
1.0,CBP,92,0.32508301734924316,g,Adam
1.0,CBP,93,0.3250829577445984,g,Adam
1.0,CBP,94,0.3250829875469208,g,Adam
1.0,CBP,95,0.32508301734924316,g,Adam
1.0,CBP,96,0.3250829875469208,g,Adam
1.0,CBP,97,0.32508301734924316,g,Adam
1.0,CBP,98,0.32508301734924316,g,Adam
1.0,CBP,99,0.3250829875469208,g,Adam
3.0,CBP,0,0.3250829875469208,g,Adam
3.0,CBP,1,0.32508301734924316,g,Adam
3.0,CBP,2,0.32508301734924316,g,Adam
3.0,CBP,3,0.32508301734924316,g,Adam
3.0,CBP,4,0.3250829577445984,g,Adam
3.0,CBP,5,0.3250829577445984,g,Adam
3.0,CBP,6,0.32508301734924316,g,Adam
3.0,CBP,7,0.3250829875469208,g,Adam
3.0,CBP,8,0.32508301734924316,g,Adam
3.0,CBP,9,0.32508301734924316,g,Adam
3.0,CBP,10,0.32508301734924316,g,Adam
3.0,CBP,11,0.3250829875469208,g,Adam
3.0,CBP,12,0.3250829875469208,g,Adam
3.0,CBP,13,0.3250829875469208,g,Adam
3.0,CBP,14,0.3250829875469208,g,Adam
3.0,CBP,15,0.3250829577445984,g,Adam
3.0,CBP,16,0.3250829875469208,g,Adam
3.0,CBP,17,0.32508301734924316,g,Adam
3.0,CBP,18,0.3250829875469208,g,Adam
3.0,CBP,19,0.3250829875469208,g,Adam
3.0,CBP,20,0.32508301734924316,g,Adam
3.0,CBP,21,0.32508301734924316,g,Adam
3.0,CBP,22,0.32508301734924316,g,Adam
3.0,CBP,23,0.32508301734924316,g,Adam
3.0,CBP,24,0.32508301734924316,g,Adam
3.0,CBP,25,0.3250829875469208,g,Adam
3.0,CBP,26,0.3250829875469208,g,Adam
3.0,CBP,27,0.32508301734924316,g,Adam
3.0,CBP,28,0.32508301734924316,g,Adam
3.0,CBP,29,0.3250829577445984,g,Adam
3.0,CBP,30,0.32508301734924316,g,Adam
3.0,CBP,31,0.32508301734924316,g,Adam
3.0,CBP,32,0.32508301734924316,g,Adam
3.0,CBP,33,0.32508301734924316,g,Adam
3.0,CBP,34,0.3250829577445984,g,Adam
3.0,CBP,35,0.32508301734924316,g,Adam
3.0,CBP,36,0.32508301734924316,g,Adam
3.0,CBP,37,0.32508301734924316,g,Adam
3.0,CBP,38,0.32508301734924316,g,Adam
3.0,CBP,39,0.3250829875469208,g,Adam
3.0,CBP,40,0.32508301734924316,g,Adam
3.0,CBP,41,0.3250829577445984,g,Adam
3.0,CBP,42,0.32508301734924316,g,Adam
3.0,CBP,43,0.3250829875469208,g,Adam
3.0,CBP,44,0.3250829875469208,g,Adam
3.0,CBP,45,0.3250829875469208,g,Adam
3.0,CBP,46,0.32508301734924316,g,Adam
3.0,CBP,47,0.3250829875469208,g,Adam
3.0,CBP,48,0.32508301734924316,g,Adam
3.0,CBP,49,0.3250829875469208,g,Adam
3.0,CBP,50,0.32508301734924316,g,Adam
3.0,CBP,51,0.3250829875469208,g,Adam
3.0,CBP,52,0.3250829875469208,g,Adam
3.0,CBP,53,0.3250829875469208,g,Adam
3.0,CBP,54,0.32508301734924316,g,Adam
3.0,CBP,55,0.32508301734924316,g,Adam
3.0,CBP,56,0.3250829875469208,g,Adam
3.0,CBP,57,0.3250829875469208,g,Adam
3.0,CBP,58,0.3250829875469208,g,Adam
3.0,CBP,59,0.32508301734924316,g,Adam
3.0,CBP,60,0.3250829577445984,g,Adam
3.0,CBP,61,0.3250829875469208,g,Adam
3.0,CBP,62,0.32508301734924316,g,Adam
3.0,CBP,63,0.32508301734924316,g,Adam
3.0,CBP,64,0.3250829577445984,g,Adam
3.0,CBP,65,0.3250829875469208,g,Adam
3.0,CBP,66,0.32508301734924316,g,Adam
3.0,CBP,67,0.32508301734924316,g,Adam
3.0,CBP,68,0.3250829875469208,g,Adam
3.0,CBP,69,0.32508301734924316,g,Adam
3.0,CBP,70,0.32508301734924316,g,Adam
3.0,CBP,71,0.3250829875469208,g,Adam
3.0,CBP,72,0.3250829577445984,g,Adam
3.0,CBP,73,0.3250829875469208,g,Adam
3.0,CBP,74,0.32508301734924316,g,Adam
3.0,CBP,75,0.32508301734924316,g,Adam
3.0,CBP,76,0.32508301734924316,g,Adam
3.0,CBP,77,0.32508301734924316,g,Adam
3.0,CBP,78,0.32508301734924316,g,Adam
3.0,CBP,79,0.3250829875469208,g,Adam
3.0,CBP,80,0.3250829875469208,g,Adam
3.0,CBP,81,0.3250829577445984,g,Adam
3.0,CBP,82,0.3250829875469208,g,Adam
3.0,CBP,83,0.3250829875469208,g,Adam
3.0,CBP,84,0.3250829875469208,g,Adam
3.0,CBP,85,0.3250829875469208,g,Adam
3.0,CBP,86,0.32508301734924316,g,Adam
3.0,CBP,87,0.32508301734924316,g,Adam
3.0,CBP,88,0.32508301734924316,g,Adam
3.0,CBP,89,0.3250829875469208,g,Adam
3.0,CBP,90,0.32508301734924316,g,Adam
3.0,CBP,91,0.3250829875469208,g,Adam
3.0,CBP,92,0.32508301734924316,g,Adam
3.0,CBP,93,0.3250829577445984,g,Adam
3.0,CBP,94,0.3250829875469208,g,Adam
3.0,CBP,95,0.3250829875469208,g,Adam
3.0,CBP,96,0.3250829875469208,g,Adam
3.0,CBP,97,0.3250829875469208,g,Adam
3.0,CBP,98,0.3250829875469208,g,Adam
3.0,CBP,99,0.3250829875469208,g,Adam
